company_name,official_website,C3_score,C3_evidence,C4_score,C4_evidence,C5_score,C5_evidence,C6_score,C6_evidence,C7_score,C7_evidence,C8_score,C8_evidence,total_score,band,verdict,short_personalization_hook,decision_maker,revenue_estimate,primary_sources,E1,E2,total_score_num,norm_score,evidence_count,revenue_num,rank
Divi's Laboratories Ltd.,divislabs.com,19,World's largest API manufacturer with three R&D centers; deep proprietary expertise in custom synthesis peptides and gadolinium-based contrast media.,15,Founder & MD Dr. Murali Divi and CEO Dr. Kiran Divi both hold PhDs showcasing top-tier scientific and operational leadership.,15,Strong export tailwinds as a trusted global CDMO and generic API supplier exporting to 100+ countries and serving 12 of the top 20 Big Pharma.,15,Exceptional growth with FY26 revenues around ₹11000 crores driven by a massive ₹2500 crore CapEx and newly inaugurated Unit-3 manufacturing facility.,19,Highly mature corporate infrastructure with state-of-the-art testing systems stringent global regulatory compliance and over 2000 QA/QC analysts.,15,Seamless gen-2 succession with Dr. Kiran Divi as CEO and Ms. Nilima Divi alongside seasoned professional directors managing distinct operational portfolios.,98,A,Include,I was highly impressed by Divi's massive ₹2500 crore CapEx expansion and the newly inaugurated Unit-3 facility advancing your global API leadership.,Dr. Murali K. Divi / Dr. Kiran S. Divi,11067 Cr,https://www.divislabs.com/;https://www.divislabs.com/api-manufacturing-company/leadership/;https://www.divislabs.com/wp-content/uploads/2025/08/Annual-Report-2024-25.pdf,,,98,1.0,6,11067.0,1
MSN Laboratories Pvt. Ltd.,msnlabs.com,20,World's #1 in active US DMF filings with 500+ APIs 927+ global patents and 25 state-of-the-art manufacturing facilities.,14,Founder CMD Dr. MSN Reddy leads a robust technical team of over 2200 R&D scientists driving highly integrated global pharmaceutical operations.,15,Strong beneficiary of Make-in-India and China+1 API sourcing with massive export tailwinds supplying pharmaceutical products across 100+ countries.,15,Exceptional growth demonstrated by an FY24 revenue of ₹7740 crore and an aggressive ₹10-13 billion CapEx pipeline for new facility expansions.,19,Highly mature infrastructure featuring IND A+ credit ratings detailed sustainability reporting and stringent US FDA and EU GMP regulatory compliance.,14,Robust succession with next-generation leaders like Director Bharat Reddy actively driving global business alongside a deep bench of professional executives.,97,A,Include,I was incredibly impressed by MSN Laboratories' achievement as the world's #1 in active US DMF filings and your massive ₹10-13 billion CapEx expansion.,Dr. MSN Reddy / Bharat Reddy,7740 Cr,https://www.msnlabs.com/our-leadership.html;https://www.indiaratings.co.in/pressrelease/74561;https://msnlabs.com/img/downloads/MSNLabs-Sustainability-Report-2025.pdf,,,97,0.967741935483871,6,7740.0,2
IndianImmunologicals Ltd.,indimmune.com,19,Pioneered the world's first vaccine for Porcine Cysticercosis the first Indian tissue culture rabies vaccine and operates multiple advanced WHO-GMP certified manufacturing facilities.,15,Led by Managing Director Dr. K Anand Kumar who holds a PhD in Microbiology from ICMR and brings over 25 years of biopharma expertise.,15,Highly critical player in the One Health ecosystem supplying India's Universal Immunization Programme and capitalizing on export tailwinds across 50 countries.,15,Reported a record all-time high revenue of ₹1586 crore in FY26 consistently maintaining a 16% CAGR driven by robust vaccine demand.,18,High institutional maturity evidenced by WHO-GMP ISO 9001 14001 18001 and 27001 certifications alongside a strong CRISIL AA+ credit rating.,15,Operates as a subsidiary of the National Dairy Development Board with a fully professionalized institutional board ensuring robust corporate governance.,97,A,Include,I was incredibly impressed by your record-breaking ₹1586 crore FY26 revenue and your pioneering work launching the world's first vaccine for Porcine Cysticercosis.,Dr. K Anand Kumar (Managing Director),1586 Cr,https://www.indimmune.com/;https://www.indiapharmaoutlook.com/news/indian-immunologicals-achieves-record-revenue-of-rs1586-crore-in-fy26-nwid-5168.html;https://en.wikipedia.org/wiki/Indian_Immunologicals_Limited,,,97,0.967741935483871,6,1586.0,3
BharatBio-tech International Ltd.,bharatbiotech.com,20,Holds 145 global patents and operates BSL-3 labs; developed the first conjugated typhoid vaccine and supplied over 9 billion doses globally.,15,Founder Dr. Krishna Ella holds a PhD from UW-Madison leading a management team of eminent scientists with top-tier IIT and global academic backgrounds.,15,Massive export tailwinds supplying vaccines to over 125 countries and expanding indigenous manufacturing capabilities actively supporting Make-in-India healthcare initiatives.,15,Strong growth signaled by FY25 revenue of 1462.9 INR crore a new $75M cell and gene therapy facility and major expansions in Odisha.,19,Highly mature systems driven by WHO pre-qualifications ICRA credit ratings structured corporate governance and institutionalized management of global clinical trials.,13,Led by founders alongside seasoned professional executives like Whole-Time Director Dr. V Krishna Mohan and a dedicated CFO managing distinct operational portfolios.,97,A,Include,I was deeply impressed by Bharat Biotech's monumental achievement of supplying over 9 billion vaccine doses globally and your recent $75M facility expansion.,Dr. Krishna Ella / Mrs. Suchitra Ella,1462.9 Cr,https://www.bharatbiotech.com/founder_profile.html;https://www.bharatbiotech.com/management_team.html;https://www.outlookbusiness.com/corporate/covaxin-maker-bharat-biotech-considers-ipo-likely-to-raise-500-mn,,,97,0.967741935483871,6,1462.9,4
"""Lee Pharma Ltd."",""leepharma.com"",20,""Maintains extensive global regulatory approvals including USFDA, EU-GMP, and WHO-GMP for its state-of-the-art API, pellet, and finished formulation manufacturing facilities."",15","""Led by Founder and Managing Director Venkata Reddy Alla"," supported by a highly experienced technical board and professional leadership team.""",15,"""Strongly positioned in the global API market"," benefiting from Make-in-India initiatives and diversified export reach across over 30 countries.""",15,"""Demonstrates robust growth with reported FY25 revenues of Rs 929 Cr and continuous expansion into new finished dosage forms.""",20,"""Operates with high systems maturity"," utilizing ISO 9001 and ISO 14001 quality management systems alongside rigorous international compliance standards.""",12,"""Features a professional board including technical directors for R&D and QA"," alongside experienced non-executive directors providing industry-specific strategic oversight.""",97,"""A""","""Include""","""I was highly impressed by Lee Pharma’s expansive global reach and your unwavering commitment to quality with major USFDA and EU-GMP certifications.""","""Venkata Reddy Alla (Managing Director)""","""Rs 929 Crore""","""https://www.leepharma.com/approvals; https://www.leepharma.com/leadership; https://www.tofler.in/lee-pharma-limited/company/U24230TG1997PLC028095""",,,97,0.967741935483871,6,929.0,5
"Aurobindo Pharma Ltd.,aurobindo.com",19,Holds massive global regulatory approvals including over 800 ANDA filings with USFDA heavily investing in biosimilars and a massive Pen G API manufacturing project.,14,Led by MD K. Nityananda Reddy and a highly experienced board of directors including the former Chairman of LIC and former Deputy Dean of ISB.,15,Directly benefits from PLI schemes for API manufacturing and massive export tailwinds with international markets contributing nearly 90% of its massive formulations revenue.,15,Demonstrates phenomenal scale with an FY25 revenue of ₹31,724 crore showing strong double-digit growth driven by robust US and Europe formulation sales.,19,Maintains top-tier systems maturity as a large-cap publicly listed firm characterized by stringent USFDA and EUGMP compliance alongside structured global ESG reporting.,14,Governed by a deeply professionalized board with distinct executive roles and strong independent directors demonstrating robust corporate succession and institutionalized management structures.,96,A,Include,I was incredibly impressed by your phenomenal FY25 revenue of ₹31724 crore and your strategic investments in the massive Pen-G project and biosimilars.,K. Nityananda Reddy,31724 Cr,https://www.aurobindo.com/;https://www.multibagg.ai/market-pulse/articles/aurobindo-q4-fy25-results-revenue-cmpfp4v7t8wn0p40jssmiwtab,,,96,0.9354838709677419,6,31724.0,6
Hetero Drugs Ltd.,hetero.com,19,World's largest producer of anti-retroviral drugs with 36 state-of-the-art global facilities and Asia's largest API manufacturing complex.,15,Founder and Chairman Dr. B. Partha Saradhi Reddy holds a PhD in Synthetic Organic Chemistry leveraging deep scientific expertise.,15,Exceptional global reach catering to 40% of global demand for ARVs and supplying life-saving medicines to over 126 countries.,15,Massive global scale indicated by over 21000 employees and a robust FY25 revenue of ₹16500 crores for its flagship labs division.,18,High systems maturity with UNGC membership rising Ecovadis sustainability ratings GRI-compliant reporting and approvals from top global regulatory bodies.,14,Clear gen-2 succession with MD Dr. Vamsi Krishna Bandi actively overseeing global commercial supply chain and technical operations.,96,A,Include,I was deeply impressed by Hetero's scale as the world's largest producer of anti-retroviral drugs and your massive 36 global manufacturing facilities.,Dr. B. Partha Saradhi Reddy / Dr. Vamsi Krishna Bandi,16500 Cr,https://www.hetero.com/leadership;https://www.hetero.com/pdf/Hetero_Corporate-Brochure_6.4.22.pdf;https://tracxn.com/d/legal-entities/india/hetero-labs-limited/__N_-okBKvUo4qP6X-SqwwLyJo-u6G0iG3ltvvAK2hXEM,,,96,0.9354838709677419,6,16500.0,7
Gland Pharma Ltd.,glandpharma.com,19,Holds 318 ANDA filings and specializes in complex injectables and CDMO acquiring Cenexi to expand its sterile manufacturing capabilities.,14,Executive Chairman Srinivas Sadu holds an MS in Industrial Pharmacy and an MBA driving rapid global expansion alongside a professional board.,15,Powerfully positioned in the rapidly growing global generic injectables and CDMO sector generating over 72% of its massive revenue from US exports.,15,Showcases immense scale with FY26 revenue of ₹6430 Cr (a 14% YoY increase) alongside significant new contract wins in its CDMO division.,19,Operates at peak maturity as a publicly listed entity heavily regulated by the USFDA and EUGMP with extensive digital and ESG corporate compliance.,14,Driven by a globally institutionalized professional board and executive suite reflecting robust corporate governance post-acquisition by Shanghai Fosun Pharma.,96,A,Include,I was incredibly impressed by Gland Pharma's massive 14% YoY growth reaching ₹6430 Cr in FY26 and your strategic expansion in complex CDMO operations.,Srinivas Sadu,6430.6 Cr,https://glandpharma.com/;https://www.indmoney.com/stocks/gland-pharma-ltd-share-price/results;https://glandpharma.com/investors/corporate-governance,,,96,0.9354838709677419,6,6430.6,8
Premier Explosives Ltd.,pelgel.com,20,Pioneered world's first commercial detonators using Nickel Hydrazine Nitrate; manufactures solid propellants for ISRO/DRDO with specialized facilities and DSIR-recognized R&D.,14,Founded by ISM Dhanbad alumnus Dr. A.N. Gupta; led by MD T.V. Chowdary driving robust indigenous R&D in high-energy materials and defense technology.,15,Direct beneficiary of Make-in-India defense indigenization and robust export tailwinds recently securing a ₹350 crore international defense supply contract.,15,Robust growth demonstrated by jumping to over ₹417 crore in FY25 revenue a massive ₹964 crore order book and continuous infrastructure expansions.,18,Publicly listed entity with high corporate governance NABL-accredited labs PESO licenses and institutionalized defense-grade quality control processes.,14,Clear transition to professional management with T.V. Chowdary elevated to MD in 2022 while founder Dr. A.N. Gupta serves as Non-Executive Chairman.,96,A,Include,I was highly impressed by Premier Explosives' milestone of pioneering NHN detonators globally and your recent ₹350 crore international defense order.,T.V. Chowdary (MD) / Dr. A.N. Gupta,417 Cr,https://www.pelgel.com/annual-reports/Premier_AR_2024.pdf;https://www.icicidirect.com/stocks/premier-explosives-ltd-share-price,,,96,0.9354838709677419,6,417.0,9
Bharat DynamicsLtd.,bdl-india.in,20,Manufacturer of Anti-Tank Guided Missiles torpedoes and strategic weapons in collaboration with DRDO showcasing specialized military-grade manufacturing capabilities.,14,Leadership includes highly qualified defense veterans and engineers with Shri D V Srinivas Rao currently holding additional charge as CMD.,15,Direct beneficiary of Make-in-India defense indigenization with FY25 export turnover soaring 689% to over Rs 1270 crores.,15,Strong growth signaled by a 40% YoY revenue jump to Rs 3364 crore in FY25 and a robust Rs 26000 crore order book.,18,Miniratna Category-I PSU with high corporate governance structured financial reporting Crisil A1+ rating and stringent defense-grade quality assurance.,13,Professionally managed Public Sector Undertaking with structured succession via Ministry of Defence appointments and distinct functional director portfolios.,95,A,Include,I was incredibly impressed by BDL's massive 40% revenue growth to Rs 3364 crore in FY25 and your 689% surge in defense exports.,Shri D V Srinivas Rao,3364 Cr,https://bdl-india.in/en;https://bdl-india.in/sites/default/files/CRA-Rating-2026.pdf;https://bdl-india.in/sites/default/files/Outcome_of_55th_AGM.pdf,,,95,0.9032258064516129,6,3364.0,10
Sai Life Sciences Ltd.,sailife.com,19,Top-tier CRDMO with specialized capabilities in high-potency APIs and peptides backed by a flawless inspection track record from the USFDA and PMDA.,14,Led by CEO Krishnamraju Kanumuri with a highly qualified scientific workforce of over 2100 scientists including 276 PhDs driving advanced pharmaceutical R&D.,15,Perfectly positioned to capitalize on global China+1 CDMO outsourcing tailwinds serving over 300 global innovators including 19 of the top 25 pharmaceutical companies.,15,Showcases exceptional momentum with a highly successful IPO massive FY26 revenue of ₹2192 Cr and major ongoing capacity expansions.,18,Exceptional systems maturity as a publicly listed entity with USFDA-approved facilities ISO 45001 certifications LIMS integration and zero liquid discharge sustainable operations.,14,Strong institutional governance as a listed company governed by a structured board with multiple independent directors and professional C-suite executives.,95,A,Include,I was deeply impressed by your stellar FY26 results reaching ₹2192 Cr in revenue and your flawless USFDA and PMDA regulatory track records.,Krishnamraju Kanumuri,2192 Cr,https://www.sailife.com/;https://trendlyne.com/equity/about/2840733/SAILIFE/sai-life-science-ltd/;https://www.screener.in/company/SAILIFE/consolidated/,,,95,0.9032258064516129,6,2192.0,11
"""Shilpa Pharma Lifesciences Ltd."",""shilpapharma.com"",20,""Manufactures complex APIs, peptides, and ADC linkers with multiple global regulatory approvals including USFDA, EU-GMP, PMDA, and ANVISA across advanced manufacturing facilities."",13,""Led by next-generation Executive Director & CEO Keshav Bhutada, alongside veteran founder Vishnukant Bhutada, demonstrating strong pharmaceutical scaling and technical expertise.""",15,"""Highly positioned to capture China+1 tailwinds in the global API and CDMO sectors"," with robust export demand for oncology molecules and specialty chemicals.""",15,"""Achieved impressive standalone revenues of roughly Rs 844 crore in FY25 while continuously expanding its CDMO pipeline", peptide capabilities," and global regulatory approvals.""",17,"""Maintains highly mature quality systems compliant with USFDA and EU-GMP standards"," alongside rigorous environmental practices including Zero Liquid Discharge and comprehensive BRSR disclosures.""",15,"""Exhibits clear multi-generational succession with next-generation leader Keshav Bhutada serving as Executive Director & CEO"," overseeing independent portfolios for the API business.""",95,"""A""","""Include""","""Congratulations on reaching an impressive Rs 844 crore standalone revenue in FY25 and your continuous expansion into complex CDMO services and peptide manufacturing.""","""Keshav Bhutada (CEO & Executive Director)""","""Rs 844 Crore""","""https://shilpapharma.com/; https://vbshilpa.com/pdf/SPL%20-%20Business%20Responsibility%20&%20Sustainability%20Report%2024-2025.pdf; https://tracxn.com/d/legal-entities/india/shilpa-pharma-lifesciences-limited/__Fe7WH2C8cY8iiut9f8_1BJbX0C8Mr_RiwX0XBXzF-gA""",,,95,0.9032258064516129,6,844.0,12
"""Aurigene Pharmaceutical Services Ltd."",""aurigeneservices.com"",19,""Operates multiple USFDA-inspected, high-tech facilities with specialized capabilities in small molecules, peptides, and biologics, supported by a large pool of 900+ scientists."",14,""Led by CEO Akhil Ravi"," backed by Dr. Reddy's Laboratories' parent governance and a highly qualified scientific leadership team with deep industry expertise.""",15,"""Strongly positioned as a leading global CRDMO with massive $100M infrastructure investments"," perfectly aligned with the China+1 global supply chain diversification strategy.""",15,"""Robust growth trajectory with active expansions in Hyderabad and the UK"," plus strong revenue figures exceeding Rs 500 crore.""",18,"""Maintains rigorous global quality standards including USFDA compliance and advanced digital infrastructure"," reflecting high operational and systems maturity.""",14,"""Operates as a highly professionalized subsidiary of Dr. Reddy’s"," with clear departmental leadership and institutionalized corporate governance structures.""",95,"""A""","""Include""","""Congratulations on your ambitious $100 million infrastructure investment plan and the recent operational milestone at your state-of-the-art Genome Valley biologics facility.""","""Akhil Ravi (CEO)""","""Rs 500-750 Crore""","""https://www.aurigeneservices.com/; https://www.biospectrumindia.com/news/97/27742/aurigene-to-invest-100-m-across-small-molecules-peptides-neutraceuticals-and-biologics.html; https://www.tofler.in/aurigene-pharmaceutical-services-limited/company/U74999KA2019PLC127964""",,,95,0.9032258064516129,6,500.0,13
"""Relisys Medical Devices Ltd."",""relisys.in"",20,""Pioneered India's first indigenous Coronary Stent System, possessing CE-approved devices and fully backward-integrated ISO 13485 certified manufacturing infrastructure."",15,""Led by MD Dr. N. Krishna Reddy, a veteran cardiologist, and COO Navin Rajpal, bringing over 27 years of specialized medical device expertise."",15","""Operates in the critical cardiovascular device sector"," perfectly aligned with Make-in-India import substitution policies and growing global healthcare export demands.""",15,"""Achieved roughly Rs 214 crore in FY25 revenue", expanding its structural heart portfolio, and currently negotiating a massive Rs 1,"300 crore private equity investment.""",18,"""Maintains international-grade physical and digital manufacturing maturity with rigorous ISO 13485 compliance", comprehensive CE approvals," and specialized class 10000 cleanroom environments.""",12,"""Functions with an institutionalized board featuring prominent private equity nominee directors alongside specialized executive professionals managing independent corporate and operational portfolios.""",95,"""A""","""Include""","""Congratulations on your phenomenal growth reaching an estimated Rs 214 crore in FY25 and your expansion into advanced transcatheter heart valves.""","""Dr. N. Krishna Reddy (Managing Director)""","""Rs 214 Crore""","""https://relisysmedicaldevices.org/; https://medicalbuyer.co.in/relisys-medical-negotiating-%E2%82%B91300cr-stake-sale-with-kkr-tpg/; https://www.ceoinsightsindia.com/leader/relisys-medical-devices-a-name-successfully-operating-with-motive-of-offering-worldclass-medical-equipment-cid-1688.html""",,,95,0.9032258064516129,6,214.0,14
AstraMicrowave Products Ltd.,astramwp.com,18,Designs and manufactures high-value RF and microwave components for defense and space supported by specialized EMI-EMC testing and DSIR-recognized R&D.,15,Founded and led by former ISRO and DRDO scientists including Chairman Dr. Avinash Chander demonstrating exceptional technical and domain expertise.,15,A major beneficiary of defense indigenization and Make-in-India heavily involved in defense offsets and space programs with global OEMs.,14,Exceptional growth with recent Q4 FY26 revenue soaring 18% YoY to ₹495 Cr and annual revenue exceeding ₹1160 Cr.,17,Highly mature publicly listed entity adhering to stringent MIL-STDs and international space industry quality requirements for critical RF modules.,14,Operates with a deeply institutionalized board comprising former defense chiefs independent directors and professional whole-time executives ensuring robust succession.,93,A,Include,I was highly impressed by Astra Microwave's remarkable FY26 performance and your pioneering RF contributions to critical DRDO and ISRO projects.,S Gurunatha Reddy,1163 Cr,https://astramwp.com;https://www.screener.in/company/ASTRAMICRO/consolidated/,,,93,0.8387096774193549,6,1163.0,15
HIL Ltd.,hil.in,18,2 in-house DSIR-recognized R&D centers and holds 22 patents across 7 countries for green building materials and thermal insulation.,15,MD & CEO Akshat Seth holds B.Tech/M.Tech in Chemical Engineering from IIT Delhi and an MBA from IIM Calcutta.,13,Strong footprint in sustainable building materials exporting to 80+ countries and capitalizing on green infrastructure growth with Aerocon panels.,14,Recent acquisitions of Topline Industries and Crestia Polytech alongside an FY24 revenue of INR 3454 Cr indicate strong expansion.,18,Operates 31 global manufacturing sites backed by the CK Birla Group's institutional infrastructure and international certifications like GreenPro and IGBC.,14,Robust succession with professional leadership; Chairman C.K. Birla oversees professional managers like MD Akshat Seth running distinct portfolios.,92,A,Include,I was impressed by HIL's recent acquisitions of Topline Industries and your 22 globally recognized patents in green building materials.,Akshat Seth (MD & CEO),3454 INR Cr,https://www.fortuneindia.com/companies/hil-ltd;http://www.pessi.in/pdf/CK%20Birla%20Group.pdf;https://www.indiainfoline.com/company/hil-ltd/summary,,,92,0.8064516129032258,6,3454.0,16
Tianish Laboratories Pvt. Ltd.,tianish.com,18,Manufactures over 250 APIs across six state-of-the-art facilities with active WHO prequalification and USFDA regulatory inspections.,13,Led by an experienced board including Anil Kumar Jain and Mohit Saraf bringing deep pharmaceutical and corporate governance expertise.,15,Directly aligned with Make-in-India supply chain indigenization manufacturing and exporting pharmaceutical APIs to over 100 countries globally.,15,Demonstrates massive scale and exceptional market traction with a reported operating revenue of ₹2060 Cr for the financial year ending March 2024.,17,Maintains rigorous global compliance and high systems maturity with multiple manufacturing facilities adhering to USFDA WHO and global GMP quality standards.,14,Governed by a fully professional board of directors following the strategic corporate demerger of Mylan's API business indicating strong institutional succession.,92,A,Include,I was incredibly impressed by your massive scale achieving ₹2060 Cr in revenue and your state-of-the-art API facilities supplying over 100 countries.,Anil Kumar Jain,2060 Cr,https://tracxn.com/d/legal-entities/india/tianish-laboratories-private-limited/__wpQtmoZAMHpSzlsRON8CAzT0dNPq4idESRwpljUpUq8;https://www.pharmacompass.com/pharma-services/api-manufacturing-services/tianish-laboratories,,,92,0.8064516129032258,6,2060.0,17
Nuziveedu Seeds Ltd.,nuziveeduseeds.com,18,Operates an ISTA-accredited state-of-the-art seed testing laboratory with advanced molecular biology and biotechnology-backed R&D for developing genetically improved high-yield crop hybrids.,15,Chairman M. Prabhakara Rao holds a post-graduate gold medal in agricultural sciences from BHU and brings decades of deep agronomy expertise.,14,Operates in the critical agricultural and hybrid seed sector driving domestic food security and crop yield improvements across India.,15,Displays exceptional market traction with an FY25 revenue of ₹1400 Cr achieving a robust 24% CAGR and widespread adoption of its hybrids.,16,High digital and systems maturity evidenced by end-to-end SAP integration for supply chain management and world-class ISTA-accredited testing facilities.,14,Demonstrates clear succession planning with multi-generational family involvement including Director Mandava Venkatram Chowdary alongside professional whole-time directors.,92,A,Include,I was highly impressed by Nuziveedu Seeds' exceptional 24% CAGR reaching ₹1400 Cr in FY25 and your state-of-the-art ISTA-accredited R&D infrastructure.,M. Prabhakara Rao,1400 Cr,https://nuziveeduseeds.com/company-overview/;https://tracxn.com/d/legal-entities/india/nuziveedu-seeds-limited/__2YIGuPy6XVQi37Zqj6NKQFJVicvrlnJt3Ao9jw95xZo,,,92,0.8064516129032258,6,1400.0,18
"""Synergene Active Ingredients Pvt. Ltd."",""synergeneapi.com"",20,""Holds process patents for multiple APIs including Luliconazole, backed by CEP approvals and extensive cGMP compliant manufacturing facilities across Hyderabad and Visakhapatnam."",14,""Led by Founder and MD Surya Prakash Rao Nalla, an organic chemist with over 40 years of specialized scale-up experience from top pharma majors."",15,""Strongly positioned in the high-demand global API and CDMO sectors"," actively exporting to over 50 countries and benefiting from pharmaceutical supply chain diversification.""",15,"""Generated Rs 323 crore in FY25 revenue", recently launched a cosmetics ingredient subsidiary, and secured fresh PMDA, USFDA," and ANVISA regulatory approvals.""",15,"""Maintains exceptional corporate and quality maturity with USFDA", PMDA," and ANVISA approved manufacturing facilities alongside rigorous cGMP and ISO 9001 compliance systems.""",13,"""Demonstrates clear multi-generational family succession with Satya Sai Ganesh Nalla and Dinesh Naag Nalla serving as directors alongside the founding managing director.""",92,"""A""","""Include""","""Congratulations on securing recent PMDA and ANVISA approvals and expanding into personal care ingredients with your new Synac Pharmaceuticals venture.""","""Surya Prakash Rao Nalla (Founder & Managing Director)""","""Rs 323 Crore""","""https://synergeneapi.com/; https://synergeneapi.com/overview/; https://tracxn.com/d/legal-entities/india/synergene-active-ingredients-private-limited/__yAK495unGvBwnix2dCjTjJquGoc-nITtgNAgzcmbWVg""",,,92,0.8064516129032258,6,323.0,19
ClearsynthLabsLtd.,clearsynth.com,18,Specializes in complex organic chemistry and received a TDB grant to build India's first bulk manufacturing facility for deuterated reagents and building blocks.,15,MD & CEO Dr. K. V. S. Ramrao holds a Ph.D. from IISc Bangalore with 30 years of leadership experience at top pharma companies.,15,Directly aligned with Make-in-India import substitution through TDB-backed domestic manufacturing of deuterated compounds to capitalize on expanding global export markets.,15,Strong growth signaled by 175 crore FY24 revenue (107% YoY increase) and the establishment of a new manufacturing facility in Patalganga.,15,Public limited company operating a 50000 sq ft innovation facility with stringent quality systems supporting complex drug discovery and international regulatory standards.,14,Successfully transitioned to professional management by onboarding industry veteran Dr. K.V.S. Ramrao as CEO to drive strategic growth alongside the founding leadership.,92,A,Include,I was highly impressed by Clearsynth's recent TDB grant to build India's first deuterated chemical facility and your massive 107% YoY revenue growth.,Dr. K. V. S. Ramrao / Vijay Ambati,175 Cr,https://clearsynth.com/team.asp;https://pib.gov.in/PressReleasePage.aspx?PRID=2135926;https://tracxn.com/d/legal-entities/india/clearsynth-labs-limited/__KfQ1TIQe6neIbMSJo54AZ0JBtHsxw4ztlLHFkLFjB-I,,,92,0.8064516129032258,6,175.0,20
"""Unique Biotech Ltd."",""uniquebiotech.com"",20,""Holds patents for Unique IS-2 (Bacillus coagulans) backed by 20 years of clinical research, utilizing WHO-GMP certified large-scale fermentation facilities.""",15,"""Founded by MD Dr. Ratna Sudha (PhD in Biotechnology)"," supported by Scientific Head Dr. Jayanthi (PhD from NIN with Japanese postdoctoral experience).""",14,"""Directly benefits from surging global demand for nutraceuticals and clinically backed probiotics"," serving international pharmaceutical and functional food markets.""",14,"""Expanded workforce to over 400 employees with estimated revenues nearing Rs 200 crore"," backed by continuous clinical trials and global partnerships.""",15,"""Maintains WHO-GMP certified manufacturing infrastructure with stringent in-house quality assurance laboratories and fully integrated lab-to-market fermentation processes.""",13,"""Board features multiple family members alongside highly experienced professional directors like S.K. Ramaraju managing the global probiotics business.""",91,"""A""","""Include""","""I was highly impressed by Dr. Ratna Sudha's pioneering work in developing the patented Unique IS-2 Bacillus coagulans strain and your WHO-GMP certified facilities.""","""Dr. Ratna Sudha Madempudi (Founder & Managing Director)""","""Rs 200 Crore""","""https://www.uniquebiotech.com/about-us; https://tracxn.com/d/companies/uniquebiotech/__QYO3kxSqCrMHAv_xR98vkXtho4n8JtbFISZJ1m80KHw; https://www.uniqueis2.com/""",,,91,0.7741935483870968,6,200.0,21
"""Dhruva Space Pvt. Ltd."",""dhruvaspace.com"",18,""Provides end-to-end space engineering with flight-proven TRL 9 deployers, proprietary satellite platforms, and a massive 280,000 sq-ft spacecraft manufacturing facility."",15,""Led by CEO Sanjay Nekkanti, an EGIDE scholar with dual European master's in space engineering who built India's first student satellite."",15","""Operating in the booming private space sector"," actively driving Make-in-India by developing an indigenous 500-kg communications satellite via a Rs 105 crore RDIF grant.""",15,"""Demonstrates exceptional momentum with a recent Rs 105 crore government grant", $21.4M in total funding," and an actively expanding workforce.""",16,"""Maintains high digital and operational maturity with ISO 9001", 27001, and 27701 certifications," ensuring rigorous data protection and international GDPR compliance.""",12,"""Features a highly collaborative founding leadership team of experienced space engineers alongside structured corporate governance roles like a dedicated Data Protection Officer.""",91,"""A""","""Include""","""Congratulations on securing the Rs 105 crore RDIF grant for 'Project Garud' and advancing India's capability for constellation-scale communications satellites.""","""Sanjay Nekkanti (CEO)""","""Rs 11.1 Crore""","""https://www.dhruvaspace.com/; https://www.dhruvaspace.com/press-releases/dhruva-space-secures-inr-105-crores-rdif-backing-to-develop-project-garud-advancing-india-private-sector-500-kg-class-satellite-capability-for-constellation-missions; https://tracxn.com/d/companies/dhruvaspace/__WIR7z6ET5MtJWp06fq8RLJl0qNXZXoIRWs2DlFQK94M""",,,91,0.7741935483870968,6,11.1,22
NACL Industries Ltd.,naclind.com,17,DSIR-recognized R&D with a technical capacity of 17000 TPA and patents like their recent proprietary process for Azoxystrobin preparation.,12,Driven by experienced chemical industry professionals and recently backed by the institutional leadership of Coromandel International.,14,Strong agricultural tailwinds with operations catering to multinational B2B clients and exporting crop protection products to over 30 countries.,15,Significant growth signaled by FY26 revenue of ₹1515.3 Cr (up 20% YoY) and the strategic 78.98% majority acquisition by Coromandel International.,18,High systems maturity with ISO 9001 14001 and 45001 certifications alongside comprehensive digital ESG and safety management systems.,14,Institutionalized leadership and governance architecture recently strengthened by Coromandel International's strategic acquisition driving professionalized succession.,90,A,Include,I was highly impressed by NACL Industries' strong 20% YoY revenue growth to ₹1515.3 Cr and your strategic partnership with Coromandel International.,A. Satish Kumar Subudhi / Board of Directors,1515.3 Cr,https://naclind.com/;https://lemonn.co.in/stocks/naclind/results/yearly;https://www.phoenixlegal.in/articles-updates-details.php?articles_id=635,,,90,0.7419354838709677,6,1515.3,23
Kaveri Seed Company Ltd.,kaveriseeds.in,17,DSIR-recognized R&D with advanced breeding programs producing high-yield hybrid seeds across cotton maize and vegetables supported by significant quarterly R&D investments.,14,Founded and led by Chairman G.V. Bhaskar Rao an agricultural science graduate with decades of pioneering experience in India's hybrid seed industry.,14,Operates in the critical agricultural hybrid seed sector driving domestic crop yields and displaying massive export tailwinds with 90% export growth in FY26.,15,Displays exceptional market traction with FY26 revenue reaching ₹1303.77 Cr reflecting a robust 16.25% YoY growth driven by maize and non-cotton hybrids.,16,High systems maturity as a major publicly listed entity maintaining rigorous SEBI statutory compliance structured board committees and corporate governance standards.,14,Demonstrates structured succession with professional whole-time directors like C. Mithun Chand guiding operations alongside the core founding family on the board.,90,A,Include,I was highly impressed by your robust 16.25% revenue growth reaching ₹1303 crore in FY26 and your strategic success in maize and non-cotton hybrids.,G.V. Bhaskar Rao,1303.77 Cr,https://kaveriseeds.in;https://www.multibagg.ai/market-pulse/articles/kaveri-seed-fy26-95042;https://matrixbcg.com/blogs/owners/kaveriseeds,,,90,0.7419354838709677,6,1303.77,24
Lee Pharma Ltd.,leepharma.com,18,Manufacturing facilities are approved by stringent international regulatory bodies including the USFDA EUGMP and WHO GMP for APIs and finished formulations.,13,Led by experienced operators including Director Venkata Reddy Alla guiding a large-scale R&D-driven pharmaceutical manufacturing enterprise.,14,Operates in the highly strategic API and finished formulation sector benefiting directly from Make-in-India supply chain indigenization and robust pharmaceutical export tailwinds.,15,Exceptional scale and growth demonstrated by generating an annual revenue of ₹929 Cr for the financial year ending March 2025.,17,High systems maturity validated by rigorous international compliance including ISO 9001 ISO 14001 USFDA and EUGMP certifications.,12,Governance involves a multi-member board including Venkata Reddy Alla and Raghumitra Alla indicating established family leadership alongside structured corporate governance.,89,A,Include,I was incredibly impressed by Lee Pharma's robust FY25 revenue of ₹929 Cr and your manufacturing facilities' stringent USFDA and EUGMP approvals.,Venkata Reddy Alla,929 Cr,https://www.leepharma.com/approvals;https://tracxn.com/d/legal-entities/india/lee-pharma-limited/__GiDEYLoEEFhUSOp9FmPnWBpcJwS38t6NG6LiIHO_cE4,,,89,0.7096774193548387,6,929.0,25
"""Symed Labs Ltd."",""symedlabs.com"",19,""Operates multiple USFDA, EU-GMP, and PMDA approved facilities; holds extensive patent portfolio in complex APIs and specialized drug intermediates."",13,""Founded by industry veterans Dr. D. Mohan Rao and Dr. B. Parthasaradi Reddy, leveraging decades of scientific expertise in pharmaceutical process chemistry.""",15,"""Strongly positioned as a major API exporter in the high-growth global pharmaceutical market"," benefiting from strong regulatory compliance and manufacturing scale.""",14,"""Reported consistent revenue growth to Rs 785 crore in FY25"," supported by long-term strategic supply agreements with global pharmaceutical majors.""",16,"""Maintains high systems maturity with rigorous USFDA-compliant digital quality management", ISO certifications," and structured supply chain integration across global markets.""",12,"""Operates under the professional management of the Viyash Lifesciences group following recent strategic amalgamations"," ensuring institutionalized leadership and oversight.""",89,"""A""","""Include""","""Congratulations on your recent successful amalgamations and continued commitment to maintaining USFDA and EU-GMP excellence in complex API manufacturing.""","""Dr. D. Mohan Rao (Co-Founder)""","""Rs 785 Crore""","""https://www.crisilratings.com/mnt/winshare/Ratings/RatingList/RatingDocs/SymedLabsLimited_January%2016_%202026_RR_386544.html; https://blinkx.in/insights/history/symed-labs-ltd-share-price-history""",,,89,0.7096774193548387,6,785.0,26
LokeshMachines Ltd.,lokeshmachines.com,18,Holds commercial license for small arms manufacturing with specialized capabilities in precision CNC and indigenous defense weapons like the ASMI sub-machine gun.,13,Led by experienced operators including Deputy MD P. Vijaya Bhaskar Reddy and seasoned engineering professionals with decades of plant operations expertise.,15,Direct beneficiary of Make-in-India defense indigenization securing critical MoD and SSB contracts for small arms and aerospace components.,14,Strong growth signals including a ₹100 Cr CapEx for a new Medchal facility and multiple recent defense contracts despite a recent revenue dip.,16,Publicly listed entity maintaining DGQA registrations and strict Ministry of Home Affairs regulatory compliance essential for commercial defense arms manufacturing.,13,Governance is overseen by a structured board of directors including professional independent members though core operations remain closely tied to the founding leadership.,89,A,Include,I was highly impressed by Lokesh Machines' recent defense contracts for machine pistols and the massive ₹100 Crore CapEx investment for your new Medchal facility.,P. Vijaya Bhaskar Reddy (Deputy MD),293.54 Cr,https://lokeshmachines.com;https://www.bitget.com/stock/nse-lokeshmach/what-is;https://scanx.trade/stock-news/lokesh-machines-ltd,,,89,0.7096774193548387,6,293.54,27
Vins Bioproducts Ltd.,vinsbio.in,17,India's largest sera manufacturer with 2.3M vial capacity producing WHO-GMP certified life-saving ASVS and co-developing the VINCOV-19 antidote with UoH and CCMB.,13,Led by CEO Siddharth Daga and founder S.N. Daga combining decades of specialized biopharmaceutical manufacturing experience with dedicated scientists like Dr. Krishna Mohan.,14,Operates in the critical biopharmaceutical sector addressing severe gaps in life-saving antisera with significant export operations across Africa and emerging markets.,16,Achieved massive scale with FY25 revenue of ₹201.6 crore (up 79% YoY) and recently led a strategic ₹80 crore investment in PlasmaGen Biosciences.,16,High systems maturity backed by WHO-GMP certifications rigorous ICRA A- credit ratings and complex biological manufacturing capabilities managing over 2000 equines for sera production.,13,Demonstrates multi-generational family leadership under the Daga family alongside a structured corporate board indicating established governance in a highly regulated industry.,89,A,Include,I was highly impressed by your exceptional 79% YoY growth reaching ₹201.6 crore in FY25 and your strategic ₹80 crore investment in PlasmaGen Biosciences.,Siddharth Daga,201.6 Cr,https://vinsbio.in/;https://www.icra.in/Rating/ShowRationalReportFilePdf/140188;https://entrackr.com/snippets/plasmagen-biosciences-raises-rs-150-cr-led-by-vins-bioproducts-10931632,,,89,0.7096774193548387,6,201.6,28
Elico Ltd.,elico.co,18,First indigenous analytical instrument manufacturer; DSIR recognized R&D strong IPR base and electrochemistry domain expertise.,14,President K V S N Raju rose from R&D engineer; MD Vanitha Datla brings 28 years of operations experience.,13,Strong alignment with Make-in-India as an indigenous manufacturer providing OEM/ODM analytical instrumentation services globally.,13,Active website signals showing expansion including OEM/ODM services and active recruitment for R&D engineers.,18,High systems maturity evidenced by active ISO 9001 ISO 14001 and ISO 27001 certifications.,13,Distinct leadership portfolios integrating professional managers like K V S N Raju alongside the Datla family.,89,A,Include,I was impressed by Elico's six-decade legacy as India's first analytical instrumentation company and your ongoing R&D innovations.,Vanitha Datla / K V S N Raju,29.8 Cr,https://www.elico.co/aboutus;https://www.elico.co/leadership;https://tracxn.com/d/legal-entities/india/elico-ltd/__3HPnElJvZZUn80nPtDyf3RSTtAcx4rdut1p3OXhFRU0,,,89,0.7096774193548387,6,29.8,29
Metrochem API Pvt. Ltd.,metroapi.com,17,Manufactures APIs and pellets with 6 facilities holding USFDA PMDA and WHO GMP approvals along with numerous active global DMF filings.,13,Founder and Managing Director Dr. N.V. Rao is an experienced pharma technocrat who successfully scaled the company's API manufacturing to six global facilities.,14,Strong alignment with Make-in-India API manufacturing supplying over 40 countries and leveraging global supply chain shifts to reduce reliance on Chinese intermediates.,14,Exceptional growth highlighted by FY25 revenues around ₹1110 Cr 1250KL reactor capacity and active participation in global CPhI exhibitions.,16,Mature pharmaceutical infrastructure ensuring strict global regulatory compliance with USFDA and PMDA alongside robust internal corporate governance and quality management systems.,14,Strong gen-2 succession planning with Harsha Vardhan Nandepu and Hardev Nandepu actively involved as whole-time directors alongside the founding leadership team.,88,A,Include,I was impressed by Metrochem API's massive growth to ₹1110 Cr in revenue and your 6 manufacturing facilities holding rigorous USFDA and PMDA approvals.,Dr. N.V. Rao,1110 Cr,https://www.metroapi.com/;https://tracxn.com/d/legal-entities/india/metrochem-api-private-limited/__KJvEAxkHbaVb8amZIRgTnk-7sFL1xC_KO2__kScr4_I;https://www.pharmacompass.com/pharma-services/api-manufacturing-services/metrochem-api-private-limited,,,88,0.6774193548387096,6,1110.0,30
SMS Pharmaceuticals Ltd.,smspharma.com,17,DSIR-recognized R&D division driving specialized Pharmaceutical API manufacturing with advanced formulation equipment and backward-integrated processes.,14,Founder CMD Ramesh Babu Potluri brings 35 years of deep pharma expertise complemented by Executive Director Vamsi Krishna's engineering leadership.,14,Strong alignment with Make-in-India API manufacturing supported by favorable domestic demand tailwinds and global export opportunities.,13,Maintains robust manufacturing scale with FY26 revenues near ₹891 crores and consistent net profit growth driven by operational efficiency.,16,Publicly listed with high systems maturity featuring structured independent board committees audit governance and global regulatory compliance.,14,Solid succession plan with second-generation Executive Director Vamsi Krishna Potluri actively managing operations alongside a highly experienced professional board.,88,A,Include,I was impressed by SMS Pharmaceuticals' consistent profitability growth and Mr. Vamsi Krishna's leadership in modernizing global API manufacturing operations.,Ramesh Babu Potluri / Vamsi Krishna Potluri,891 Cr,https://smspharma.com/meet-our-executives/;https://simplywall.st/stocks/in/pharmaceuticals-biotech/nse-smspharma/sms-pharmaceuticals-shares/management,,,88,0.6774193548387096,6,891.0,31
Simply Fresh Private Limited.,simplyfresh.co.in,18,Operates advanced AI-controlled hydroponic greenhouses with European-standard processing and precision farming technology to cultivate over 135 traceable crop varieties.,13,Board includes seasoned executives like Suryaprakash Kukyan and Kishore Mirchandani bringing decades of corporate strategy and financial expertise to agritech.,14,Capitalizing on the rapidly growing precision agritech sector addressing critical food security and safety demands through climate-resilient farming and export operations.,13,Scaled operations significantly with a 150-acre facility in Siddipet backed by over $20M in private equity funding and an FY25 revenue of ₹16.2 Cr.,16,Demonstrates high digital maturity with end-to-end QR code supply chain traceability AI-driven climate control and a dedicated DSIR-recognized R&D laboratory.,14,Strong corporate governance driven by institutional private equity investors and an experienced professional board distinct from the original founding family.,88,A,Include,I was highly impressed by Simply Fresh's 150-acre AI-controlled precision farm in Siddipet and your advanced QR code traceability for safe agricultural produce.,Suryaprakash Kukyan / Kishore Mirchandani,16.2 Cr,https://www.simplyfresh.co.in/team.html;https://tracxn.com/d/legal-entities/india/simply-fresh-private-limited/__Fc1FOocAcGAeG7rlFgfd6CE_8oreO9_YpvXtTRNt18U;https://www.zaubacorp.com/SIMPLY-FRESH-PRIVATE-LIMITED-U01403TG2013PTC090565,,,88,0.6774193548387096,6,16.2,32
"""Linkwell Telesystems(P) Ltd."",""visiontek.co.in"",16,""Manufactures Payment Card Industry and UIDAI-certified biometric authentication devices backed by DSIR-recognized R&D and 1 lakh sq. ft. of manufacturing facilities."",10,""Led by founder and Managing Director Krishna Prasad Anumolu, an experienced technocrat steering the company's hardware design and manufacturing since 1993.""",15,"""Directly aligned with 'Digital India' and 'Make in India' initiatives"," exporting telecom and transaction terminals to over 35 countries globally.""",14,"""Reported robust FY25 revenues of Rs 986 crore with active manufacturing expansions in smart metering and biometric devices.""",18,"""Highly mature digital operations driven by Oracle EBS and Dassault eMatrix"," coupled with rigorous CE product standards and ISO 9001/14001 certifications.""",14,"""Features a strongly professionalized leadership team with specialized directors independently overseeing MIS", Business Development, Manufacturing," and Data Products.""",87,"""A""","""Include""","""Congratulations on achieving an impressive Rs 986 crore in revenue for FY25 and your continuous alignment with the 'Make in India' and 'Digital India' initiatives.""","""Krishna Prasad Anumolu (Managing Director)""","""Rs 986 Crore""","""https://visiontek.co.in/about-us/; https://tracxn.com/d/legal-entities/india/linkwell-telesystems-private-limited/__ewu73GZQ1LKDYYCeSMsM4lhWCxEMUmw2QyUaAXkRNB0; https://www.scribd.com/document/898747420/1394433178visiontek-Mobilemoney-Ppt-2014-Copy""",,,87,0.6451612903225806,6,986.0,33
"""GOCL Corporation Ltd."",""goclcorp.com"",16,""Provides end-to-end Electronics Manufacturing Services, metal cladding, and specialized energetics for defense and space, supported by DSIR-recognized R&D."",13,""Led by Executive Director and CEO Pankaj Kumar, who brings over 33 years of industry experience and holds a B.Tech degree from IIT.""",14,"""Highly aligned with Make-in-India initiatives"," strategically expanding into high-growth Electronics Manufacturing Services (EMS) and specialized defense and space energetics.""",15,"""Generated over Rs 844 crore in FY25 revenue and recently operationalized a new Electronics Manufacturing Services (EMS) facility at Gummadidala.""",14,"""Operates as a publicly listed entity with rigorous corporate governance and statutory compliance"," though specific digital ERP platforms are not publicly detailed.""",15,"""Backed by the Hinduja Group with a highly institutionalized board", featuring a dedicated CEO, CFO," and multiple independent directors ensuring corporate continuity.""",87,"""A""","""Include""","""Congratulations on operationalizing your new Electronics Manufacturing Services facility at Gummadidala and successfully pivoting your strategic focus towards defense and space applications.""","""Pankaj Kumar (Chief Executive Officer)""","""Rs 844 Crore""","""https://goclcorp.com/; https://trendlyne.com/equity/ceo-salary-history/143226/pankaj-kumar/; https://ticker.finology.in/company/GOCLCORP""",,,87,0.6451612903225806,6,844.0,34
Virupaksha Organics Ltd.,virupaksha.com,16,DSIR-recognized R&D with 6 advanced manufacturing facilities and a total reactor volume of 988 KL adhering to quality certifications for highly regulated global markets.,13,Led by Managing Director Chandra Mouliswar Reddy Gangavaram holding an MSc in Chemistry and backed by a leadership team with deep technical and pharmaceutical expertise.,14,Operates in the high-growth API and chemical manufacturing sector successfully capitalizing on Make-in-India and export tailwinds across international markets.,15,Displays exceptional market traction with FY25 revenue reaching ₹816.5 Cr and recently filed a DRHP for a massive ₹740 Cr IPO to fund capacity expansion.,16,High systems maturity demonstrated by its transition to a publicly listed entity strict statutory compliance and adherence to global regulatory manufacturing standards.,13,Governance has transitioned to a deeply structured corporate board with professional independent directors and specialized committees ahead of its upcoming IPO.,87,A,Include,I was highly impressed by your robust ₹816.5 Cr FY25 revenue and your strategic ₹740 Cr IPO plans for expanding your multi-facility operations.,Chandra Mouliswar Reddy Gangavaram,816.5 Cr,https://virupaksha.com/company-overview/board-of-directors/;https://www.kotakneo.com/ipo/virupaksha-organics-ltd-ipo/;https://www.zaubacorp.com/VIRUPAKSHA-ORGANICS-LIMITED-U24110TG1997PLC028281,,,87,0.6451612903225806,6,816.5,35
"""Eldorado Agritech Pvt."",""eldoradoagritech.com"",16,""Possesses DSIR-recognized R&D facilities and developed proprietary protein extraction methods for Cry1Ac and Cry2Ab genetic testing in Bt cotton."",15","""CMD Dr. Linga Srinivasa Rao holds a Ph.D. from IARI"," and MD Dr. Usha Rani brings deep biochemical research expertise to their agricultural operations.""",14,"""Operates in the critical agricultural and hybrid seeds sector"," strongly positioned to benefit from national food security and Make-in-India agricultural tailwinds.""",15,"""Generated an impressive Rs 443 crore revenue in FY25 with a 27% CAGR and recently filed its DRHP for a massive upcoming IPO.""",13,"""Functions as an IPO-bound public limited company with institutionalized statutory audits", rigorous corporate governance," and DSIR-recognized quality testing infrastructure.""",14,"""Demonstrates multi-generational continuity with Founders Dr. Linga and Dr. Usha joined by recently appointed director Linga Krishna Santosh on the board.""",87,"""A""","""Include""","""Congratulations on your phenomenal 27% CAGR reaching Rs 443 crore in FY25 revenue and the recent DRHP filing for your upcoming IPO.""","""Dr. Linga Srinivasa Rao (Chairman & Managing Director)""","""Rs 443 Crore""","""https://eldoradoagritech.com/board-details/1; https://nsearchives.nseindia.com/corporate/Registration_03092025200151_EldoradoAgritechLimitedDRHP.pdf; https://tracxn.com/d/legal-entities/india/eldorado-agritech-limited/__BDnpG1XM_QYdZEDnO3z5CT03aJkCsoXTywL3PKdgV6U""",,,87,0.6451612903225806,6,443.0,36
"""Vasant Chemicals Pvt. Ltd."",""vasantchemicals.com"",17,""Offers over 750,000 litres of production capacity from kilo-lab to commercial scale with strong CDMO capabilities in specialty chemicals."",12,""Led by newly appointed MD Ganesh Venkatraman, bringing extensive global leadership and strategic experience in the CDMO industry."",14","""Operates in the high-growth specialty chemicals and CDMO sector"," strongly benefiting from global supply chain diversification trends.""",15,"""Acquired by the WeylChem Group", driving strategic expansions, generating roughly Rs 192 crore in revenue," and actively reinforcing leadership.""",15,"""Maintains GMP-compliant documentation and ISO-certified integrated management systems"," actively utilizing advanced lean manufacturing practices like Kaizen and 5S.""",14,"""Demonstrates strong institutional governance"," having transitioned into a professional corporate subsidiary under the WeylChem Group with a dedicated management team.""",87,"""A""","""Include""","""Congratulations on the recent appointment of Ganesh Venkatraman as Managing Director and your strategic integration within the global WeylChem Group.""","""Ganesh Venkatraman (Managing Director)""","""Rs 192 Crore""","""https://www.vasantchemicals.com/; https://www.indianchemicalnews.com/people/vasant-chemicals-appoints-ganesh-venkatraman-as-md-29840; https://tracxn.com/d/companies/vasantchemicals/__W9A89WYsIBv9KsHPnRSr2-HoMv8JWg4mxRBvHZKWCZE""",,,87,0.6451612903225806,6,192.0,37
PrabhatAgriBiotech Ltd.,prabhatseeds.com,16,DSIR-recognized R&D developing proprietary high-yield hybrids like Bt Cotton and leveraging germplasm from international institutes like ICRISAT and USDA.,14,Led by technocrats including founder Dr. P Sateesh Kumar who holds a PhD in Genetics and Plant Breeding.,14,Operates in the critical agricultural biotech sector driving crop yields and maintains a strong presence in custom seed production for export markets.,15,Displays massive scale with ₹304 Cr FY25 revenue a massive network of 20000 retailers and a reported 27% 5-year CAGR.,13,High operational maturity as a fully integrated subsidiary of the NSL Group managing complex multi-state R&D production and processing capabilities.,14,Strong institutional governance structured under the NSL Group conglomerate with a board comprising professional independent and nominee directors.,86,A,Include,I was highly impressed by your DSIR-recognized R&D facility and the massive scale Prabhat Seeds has achieved reaching ₹304 Cr in FY25 revenue.,Dr. P Sateesh Kumar,304 Cr,https://prabhatseeds.com/about/;https://tracxn.com/d/legal-entities/india/prabhat-agri-biotech-limited/__AR3Vxzsb2ZQabBcdVchKrw7DB_GuoSdNxhzgYT2Nmy0,,,86,0.6129032258064516,6,304.0,38
Spansules Pharmatech Pvt. Ltd.,spansules.com,17,Specializes in Ready-to-Fill (RTF) pellets and MUPS with DSIR-recognized R&D and operations certified by WHO-GMP and EU-GMP.,14,Founder and MD Dr. G.V. Subba Rao holds a doctorate in pharmaceutical sciences with over 30 years of deep R&D expertise.,14,Strong pharmaceutical export tailwinds supplying generic formulations and specialized API products to over 30 countries globally.,14,Demonstrated strong growth with group turnover exceeding ₹250 crore and recent backward integration expanding into API and intermediate manufacturing.,16,High systems maturity with manufacturing facilities complying strictly with WHO-GMP and EU-GMP regulatory standards for global pharmaceutical exports.,11,Leadership includes founders and family members actively involved in operations with limited visibility into structured professional management succession.,86,A,Include,I was highly impressed by Spansules Pharmatech's specialized expertise in Ready-to-Fill (RTF) pellets and your rigorous WHO-GMP and EU-GMP certifications.,Dr. G.V. Subba Rao (Venkata Subba Rao Guttikonda),73.8 Cr (Standalone) / ~250 Cr (Group),https://www.spansulespharma.com/;https://www.indiapharmaoutlook.com/pharma-equipment/vendor/spansules-pharmatech-onestopshop-for-the-endtoend-requirements-of-pharmaceutical-pellets-cid-11.html;https://www.careratings.com/upload/CompanyFiles/PR/202502140209_Spansules_Pharmatech_Private_Limited.pdf,,,86,0.6129032258064516,6,73.8,39
RenewableEnergy Systems Ltd.,resindia.com,18,Acquired thermal battery technology from DRDO and USSR pioneering indigenous production and supplying over 2.5 lakh specialized batteries for missile applications.,12,Led by an experienced board including G. Narasinga Rao and Suresh Kumar Devarakonda driving specialized defense manufacturing and corporate strategy.,14,Strongly positioned in defense indigenization and Make-in-India serving as a critical supplier of thermal batteries for DRDO missile programs.,14,Robust growth indicated by a 219% YoY total revenue surge in FY24 with operating revenue scaling to the ₹25-50 Cr range.,15,Maintains stringent defense-grade quality control as a critical missile component supplier alongside structured governance as a public limited company.,13,Structured corporate governance driven by an experienced board of directors including professional independent members managing specialized defense operations.,86,A,Include,I was highly impressed by your pioneering work in thermal batteries for missile applications and the milestone of supplying over 2.5 lakh units to defense establishments.,Suresh Kumar Devarakonda / G. Narasinga Rao,25-50 Cr,https://resindia.co.in/history;https://www.zaubacorp.com/RENEWABLE-ENERGY-SYSTEMS-LIMITED-U40106TG1985PLC005358;https://www.tofler.in/renewable-energy-systems-limited/company/U40106TG1985PLC005358,,,86,0.6129032258064516,6,25.0,40
"""Provis Biolabs Pvt. Ltd."",""provisbiolabs.com"",18,""Produces premium animal origin-free bioreagents, Bio-APIs, and synthetic peptides backed by WHO-GMP, ISO 13485 certifications and DSIR-recognized R&D."",15,""Founded and led by Dr. Bala Reddy, a PhD scientist with deep expertise in biotechnology, successfully scaling the venture to global markets."",15,""Operates in the critical biomanufacturing and CDMO sectors, developing scalable therapeutic peptides and recombinant enzymes aligned with global pharmaceutical demands."",15","""Demonstrates exceptional momentum by launching US operations", commissioning a new Jadcherla manufacturing plant," and doubling its headcount recently.""",15,"""Maintains robust quality frameworks with WHO-GMP", GLP, ISO 13485, and ISO 9001:2015 certifications," though enterprise ERP details are limited.""",8,"""Operates as a privately held", founder-led enterprise with a two-director board," lacking explicit evidence of an independent professional C-suite.""",86,"""A""","""Include""","""Congratulations on recently commissioning your new manufacturing plant in Jadcherla and successfully expanding Provis Biolabs' commercial operations into the US market.""","""Dr. Bala Reddy (Founder & Managing Director)""","""Rs 10-25 Crore ($1.96M)""","""https://provisbiolabs.com/; https://tracxn.com/d/companies/provisbiolabs/__iiV7fNbOJKcl2ycMbuh47ouJRkcPPRoUrH0AKkuAx6o; https://www.tofler.in/provis-biolabs-private-limited/company/U24290TG2019PTC135389""",,,86,0.6129032258064516,6,10.0,41
Lamco Industries Pvt. Ltd.,lamcoindia.com,18,DSIR-recognized R&D lab since 1989; developed indigenous 850kV surge arresters and achieved KEMA certification for 624kV models in 2025.,13,Led by first-generation visionary MD S. Prasada Rao with an experienced team driving technical innovation in power transmission equipment.,14,Strong power sector tailwinds supplying critical high-voltage equipment to PGCIL and NTPC while exporting across 20+ countries.,14,Strong growth signaled by a new 1.5 lakh sqft manufacturing facility in Medak and ongoing NABL lab accreditations.,14,ISO 9001 certified with global KEMA approvals and PGCIL vendor validations; actively strengthening internal corporate controls.,13,Demonstrated succession with next-gen Saripalli Kartik as Whole-Time Director alongside founder S. Prasada Rao and professional managers.,86,A,Include,I was impressed by Lamco's new 1.5 lakh sqft manufacturing facility in Medak and your recent successful KEMA testing for 624kV surge arresters.,S. Prasada Rao / Saripalli Kartik,unknown,https://lamcoindia.com/about-us/;https://lamcoindia.com/milestones/;https://www.falconebiz.com/company/LAMCO-INDUSTRIES-PRIVATE-LIMITED-U31909TG1987PTC007492,,,86,0.6129032258064516,6,0.0,42
"""Jodas Expoim Pvt. Ltd."",""jodasexpoim.in"",18,""Possesses a state-of-the-art 72,000 sq.m EU-GMP and PIC/s approved facility at Genome Valley, specializing in biosimilars, oncology, and contrast media injectables."",10,""Led by Co-Founders and MDs Satyendra and Shashi Singh, supported by a specialized technical leadership team including a President of Bio-Technology."",15,""Operates in the high-growth specialty injectables and biosimilars sector", aggressively expanding pharmaceutical exports across Russia, the EU," and the Middle East.""",14,"""Reported revenues exceeding Rs 500 crore with a 12.36% increase in net sales for FY25"," alongside active clinical advancements in its biosimilars pipeline.""",15,"""Features highly mature manufacturing operations with fully integrated Quality Management Systems", EU-GMP compliance," and advanced cGMP facilities for recombinant biotherapeutics.""",13,"""Demonstrates highly institutionalized corporate governance with a professional C-suite"," including dedicated functional leaders such as a CFO and VP of Operations.""",85,"""A""","""Include""","""Congratulations on your impressive revenue growth surpassing Rs 500 crore and the successful expansion of your biosimilars pipeline with Pertuzumab.""","""Satyendra Kumar Singh (Managing Director)""","""Over Rs 500 Crore""","""https://jodasexpoim.in/about-us/; https://jodasexpoim.in/biosimilars/; https://www.tofler.in/jodas-expoim-private-limited/company/U21001TG2006PTC110218""",,,85,0.5806451612903226,6,500.0,43
Nucon Aerospace Pvt. Ltd.,nuconaerospace.com,18,DSIR-recognized R&D with AS9100 and CEMILAC certifications specializing in complex control actuation avionics and pneumatic systems for aerospace.,13,Led by MD Hemant Jalan and Whole-Time Director Udit Jalan bringing extensive experience in specialized aerospace and precision electromechanical manufacturing.,14,Strongly positioned in the high-growth aerospace and defense sectors and directly benefiting from Make-in-India defense indigenization initiatives.,12,Maintains steady defense manufacturing operations with a recent reported annual revenue of approximately ₹101 crore as of March 2025.,16,High systems maturity for the defense sector evidenced by rigorous AS9100 CEMILAC and ISO quality certifications essential for aerospace.,12,Family-led governance with Hemant Udit and Achal Jalan serving as active directors showing multi-member involvement but limited outside professional management.,85,A,Include,I was impressed by Nucon Aerospace's critical CEMILAC and AS9100 certifications and your specialized expertise in control actuation systems.,Hemant Jalan / Udit Jalan,101 Cr,https://www.nuconaerospace.com/board_members.html;https://tracxn.com/d/companies/nuconaerospace/__MFl4OD-76oVM7c30xxYOycyYBp3OtEYE_iPXEs2Yg_0;https://aviationspaceindia.com/content/nucon-aerospace,,,85,0.5806451612903226,6,101.0,44
Mapmygenome India Ltd.,mapmygenome.in,17,Pioneered predictive genetic testing in India with NABL and CAP accredited labs offering proprietary products like Genomepatri and advanced metagenomic sequencing.,14,Led by CEO Anu Acharya an IIT Kharagpur alumna and seasoned genomics entrepreneur supported by a specialized scientific advisory board.,13,Operates in the rapidly expanding personalized genomics and preventive healthcare sector addressing critical data gaps for the Indian subcontinent.,12,Demonstrates steady financial traction with an FY25 revenue of ₹31.2 Cr and strategic global expansion through the acquisition of Microbiome Insights.,15,High operational maturity validated by ISO 15189 NABL and CAP laboratory accreditations alongside established LIMS and digital bioinformatics infrastructure.,14,Governance features a structured board with prominent independent directors like Arjun Malhotra and a professional executive suite managing distinct clinical portfolios.,85,A,Include,I was highly impressed by Mapmygenome's pioneering NABL and CAP-accredited genomics platforms and your strategic expansion through the acquisition of Microbiome Insights.,Anu Acharya,31.2 Cr,https://mapmygenome.in/pages/about-us;https://tracxn.com/d/legal-entities/india/mapmygenome-india-limited/__2m2-lF3jzObAHgDIIygZ3UQlMO8GmxT53sBUSJJmyDM,,,85,0.5806451612903226,6,31.2,45
"""SOMPhytopharma (India) Ltd."",""somphytopharma.com"",20,""Holds 34 unique microbial strains with international patent depository certificates under the Budapest Treaty, backed by a DSIR-recognized R&D laboratory.""",15,"""Led by MD Dr. Venkatesh Devanur"," a PhD and 40-year industry veteran who serves as Secretary of BIPA and VP of World Neem Organisation.""",15,"""Directly benefits from domestic organic farming subsidies and strong global export demand for bio-pesticides and sustainable agricultural inputs.""",12,"""Reported FY24 revenue of roughly Rs 17.5 crore with an 11% CAGR"," while actively expanding its organic product portfolio globally.""",10,"""Features a government-accredited laboratory and organic input certifications"," though explicit public evidence of advanced ERP or digital manufacturing platforms is limited.""",12,"""Demonstrates clear multi-generational family leadership with board members like Gargeyee Venkatesh Iyengar Devanur and Venkatesh Athreya Devanur alongside the founders.""",84,"""A""","""Include""","""I was highly impressed by your portfolio of 34 unique microbial strains recognized under the Budapest Treaty and your visionary leadership in sustainable agriculture.""","""Dr. Venkatesh Devanur (Managing Director)""","""Rs 17.5 Crore""","""https://www.somphytopharma.com/about; https://tracxn.com/d/legal-entities/india/som-phytopharma-india-limited/__nIwcNMprQcdPlL9FjLHrZjubFexD66CqHFRK0A0jZYI; https://bipaindia.org/founding-team.php""",,,84,0.5483870967741935,6,17.5,46
"""Godi India Pvt. Ltd."",""godienergy.com"",19,""First Indian company to achieve BIS certification for indigenous lithium-ion cells; pioneers advanced sodium-ion and supercapacitor technologies with DSIR-recognized R&D."",14,""Founded by Mahesh Godi, an experienced technocrat with extensive global R&D and manufacturing expertise in battery materials from top-tier tech firms."",15","""Perfectly positioned in the hyper-growth EV and energy storage sector"," directly driving India's Make-in-India and advanced chemistry cell localization goals.""",14,"""Secured significant VC funding to scale operations toward gigafactory capacity", actively hiring specialized cell engineering talent," and expanding product lines.""",13,"""Maintains BIS-certified manufacturing and highly advanced DSIR-recognized R&D testing infrastructure"," though public details on enterprise-wide SAP/ERP systems are limited.""",9,"""Functions as a dynamic", founder-led deep-tech startup," aggressively building its professional C-suite but lacking formalized multi-generational succession planning.""",84,"""A""","""Include""","""Congratulations on Godi India becoming the first Indian company to achieve BIS certification for your indigenously developed lithium-ion cells.""","""Mahesh Godi (Founder & CEO)""","""unknown""","""https://godienergy.com/""",,,84,0.5483870967741935,6,0.0,47
Sri Krishna Pharmaceuticals Ltd.,srikrishnapharma.com,17,Operates 5 manufacturing facilities with global regulatory approvals including US FDA EDQM and ANVISA for specialized API manufacturing.,13,Led by MD V.V. Krishna Reddy and Founder Pranesh Raj Mathur driving extensive CDMO operations and API development.,14,Strong export presence across US European and Asian markets and an active beneficiary of the government's PLI scheme.,12,Maintained a robust FY25 revenue of over ₹588 crore alongside ongoing capacity expansions and recent EU GMP certifications.,15,Operates with high systems maturity managing compliance across 5 international regulatory bodies and structured corporate financial auditing processes.,12,Board includes a mix of experienced whole-time directors like Venkata Subba Reddy and independent members ensuring structured governance.,83,A,Include,I was impressed by your extensive global reach with 5 manufacturing facilities holding US FDA and EDQM certifications.,V.V. Krishna Reddy,588 Cr,https://www.srikrishnapharma.com/;https://tracxn.com/d/companies/srikrishnapharmaceuticals/__jAL5-Kv4amGFn3CEJ0PFyJ_W5FsEGzaUkQSGCzi7ncs;https://www.icra.in/Rating/GetRationalReportFilePdf?id=138157,,,83,0.5161290322580645,6,588.0,48
SMS Lifesciences India Ltd.,smslife.in,14,DSIR-recognized API manufacturer with established regulatory compliance and a dedicated R&D facility for advanced intermediate synthesis.,13,Led by experienced promoters including TVVSN Murthy leveraging decades of deep domain expertise in pharmaceutical manufacturing and API development.,14,Operates in the strategic pharmaceutical API sector directly benefiting from Make-in-India initiatives and global China+1 supply chain shifts.,12,Demonstrates solid commercial scale as a listed entity with a reported TTM revenue of approximately ₹348 Cr.,16,Maintains high systems maturity as a publicly traded company ensuring rigorous statutory compliance financial transparency and standardized manufacturing operations.,14,Governed by a structured corporate board comprising executive and independent directors providing established institutional succession and professional oversight.,83,A,Include,I was highly impressed by SMS Lifesciences' robust API manufacturing capabilities and your solid market presence reaching ₹348 Cr in recent TTM revenue.,TVVSN Murthy,348 Cr,https://www.smslife.in/;https://www.screener.in/company/SMSLIFE/consolidated/,,,83,0.5161290322580645,6,348.0,49
"""Alkali Metals Ltd."",""alkalimetals.com"",16,""Possesses a DSIR-recognized R&D center and successfully cleared a US FDA inspection at its Visakhapatnam facility to expand high-margin API exports."",13,""Managing Director Y.S.R. Venkata Rao is an experienced technocrat, strongly supported by Chairman Dr. J.S. Yadav, a renowned scientist and former IICT Director.""",13,"""Operates in the specialty chemicals and API sector"," strategically positioned to benefit from global supply chain diversification and export demand in regulated markets.""",12,"""Reported FY25 revenues of Rs 82.3 crore"," successfully completing regulatory inspections to pivot into higher-margin pharmaceutical intermediates and fine chemicals.""",15,"""Demonstrates strong corporate maturity as a publicly listed entity with rigorous SEBI compliance", structured board governance," and a dedicated Chief Financial Officer.""",13,"""Led by second-generation entrepreneur Venkata Rao alongside other family directors"," balanced by an experienced board of independent professional directors and institutional oversight.""",82,"""A""","""Include""","""Congratulations on the successful US FDA inspection at your Visakhapatnam unit and your strategic pivot towards high-margin APIs.""","""Y. S. R. Venkata Rao (Managing Director)""","""Rs 82.3 Crore""","""https://www.alkalimetals.com/board-directors; https://concall.in/company/200059/analysis/financials""",,,82,0.4838709677419355,6,82.3,50
"""Prathista Industries Ltd."",""prathista.com"",18,""Holds over 100 patents for proprietary fermentation technologies, successfully producing bioproducts across agriculture, food, and pharmaceuticals since 1995."",12,""Founded and led by Dr. K.V.S.S.S.N. Vara Prasad, an experienced scientist and industry veteran focused on large-scale sustainable biotechnology solutions."",15","""Strongly aligned with Make-in-India and export-oriented sustainable agriculture"," producing organic inputs for global markets across more than 30 countries.""",12,"""Demonstrates consistent growth with a wide product range and active global expansion"," supported by multiple international certifications and scaling manufacturing facilities.""",14,"""Maintains high quality maturity with ISO 9001:2015", ISO 14001:2015, ISO 22000:2018," and OHSAS 18001 certifications across its integrated manufacturing plants.""",10,"""Managed by a family-led board with clear functional departments"," though public evidence of formalized multi-generational succession planning is limited.""",81,"""A""","""Include""","""I was highly impressed by Prathista’s pioneering 30-year legacy and your portfolio of over 100 patents in large-scale fermentation technology.""","""Dr. K.V.S.S.S.N. Vara Prasad (Founder & MD)""","""unknown""","""https://prathista.com/about-us/; https://prathista.com/patents/; https://tracxn.com/d/legal-entities/india/prathista-industries-limited/__p4h4jG7kU3dK7t_x_9p1726aZ_Pq1LhK7I1V3K3D60""",,,81,0.45161290322580644,6,0.0,51
Nichino India Pvt.,nichinoindia.com,16,Pioneer in pesticide formulations with backward integration for technicals and a DSIR-recognized R&D division driving continuous product innovation.,12,Led by MD Naohiro Tomooka and experienced Indian executives leveraging the strong scientific lineage of its Japanese parent Nihon Nohyaku Co.,12,Strong position in the agrochemical sector exporting to overseas markets and backing agricultural production with advanced crop protection technologies.,13,Solid growth highlighted by a robust FY25 revenue of ₹517 Cr and sustained agrochemical manufacturing scale across multiple formulation facilities.,14,ISO 9001 certified with rigorous quality control infrastructure governed by the institutional compliance standards of its Japanese parent company.,13,Institutionalized professional management featuring a structured board of Japanese executives and local whole-time directors ensuring robust corporate governance.,80,A,Include,I was impressed by Nichino India's robust FY25 revenue of ₹517 Cr and your long-standing legacy as a pioneer in advanced pesticide formulations.,Naohiro Tomooka (MD),517 Cr,https://www.nichinoindia.com/;https://tracxn.com/d/legal-entities/india/nichino-india-private-limited/__EBlFH-_j4ZPxvXYyN4bFcNy_Ef_ZqS82NDfYlfn-9Vc,,,80,0.41935483870967744,6,517.0,52
Srikar Biotech Pvt. Ltd.,srikarbiotech.com,13,DSIR-recognized R&D facility focusing on the manufacturing of bio-pesticides bio-fertilizers and proprietary agricultural seeds.,12,Promoted and led by Dr. Srinivasa Rao Linga demonstrating specialized technical leadership in agricultural biotechnology and seed development.,13,Well-positioned in the growing agricultural biotechnology sector catering to domestic food security and crop protection across 20 Indian states.,15,Exceptional growth with an FY25 standalone revenue of ₹180 crore robust 24% group CAGR and a recent DRHP filing for an IPO.,15,High systems maturity demonstrated by its transition to a public limited company structured CARE credit ratings and rigorous IPO-grade financial compliance.,12,Governance is maturing with the appointment of dedicated compliance officers and a structured board in preparation for its upcoming IPO.,80,A,Include,I was highly impressed by your exceptional growth reaching ₹180 crore in standalone FY25 revenue and your recent DRHP filing for an IPO as Eldorado Agritech.,Dr. Srinivasa Rao Linga,180 Cr,https://www.careratings.com/upload/CompanyFiles/PR/202411141121_Srikar_Biotech_Private_limited.pdf;https://nsearchives.nseindia.com/corporate/Registration_03092025200151_EldoradoAgritechLimitedDRHP.pdf;https://tracxn.com/d/legal-entities/india/srikar-biotech-private-limited/__TtgW7Q08MK8qlLXgkpgaoQ8-1UUn3xMKC92pn_muK6E,,,80,0.41935483870967744,6,180.0,53
"""Bhagiradha Chemicals & Industries Ltd."",""bhagirad.com"",14,""Manufactures specialized agrochemicals supported by DSIR-recognized R&D, a Zero Liquid Discharge facility, and the recent launch of three new chemical molecules."",10,""Led by Managing Director S. Chandrasekhar and CEO A. Arvind Kumar, maintaining structured corporate management without explicit details of advanced technical degrees.""",14,"""Strongly positioned within the agrochemical sector"," benefiting from supply chain diversification and successfully adding 19 new customers to its global portfolio.""",15,"""Achieved an impressive 22% revenue growth to Rs 535.9 crore in FY26 alongside the successful Rs 400 crore capitalization of the Bheema Fine project.""",12,"""Functions as a publicly listed", ISO 9001-certified entity with a rigorous EHS framework," though advanced digital ERP platforms are not explicitly detailed.""",13,"""Demonstrates institutionalized corporate governance with independent board members and specialized executive roles including a dedicated CEO", CFO," and Group President.""",78,"""B""","""Include""","""Congratulations on the impressive 22% revenue growth to Rs 535.9 crore in FY26 and the successful commissioning of your Bheema Fine project.""","""S. Chandrasekhar (Managing Director)""","""Rs 535.9 Crore""","""https://www.bhagirad.com/corporate-management/; https://scanx.trade/stock-market-news/companies/bhagiradha-chemicals-fy26-net-profit-at-2-623-66-lakhs/40747381; https://www.bhagirad.com/environmental-health-and-safety/""",,,78,0.3548387096774194,6,535.9,54
PeopleLink Unified Communications Pvt. Ltd.,peoplelinkvc.com,15,DSIR-recognized R&D offering proprietary video conferencing software specialized hardware and customized platforms like Telemedicine Portals.,13,Founder and CEO Amit Chowdry brings deep domain expertise from ClearOne and Dell and is a recognized enterprise communications leader.,14,Directly aligned with Make-in-India providing indigenous alternatives to global video conferencing platforms across 37 countries.,14,Exceptional growth signaled by an FY25 revenue of ₹174 Cr and a robust 46% compound annual growth rate.,13,Maintains strong systems maturity as a core enterprise software developer with quality and compliance recognized by MeitY.,9,Leadership is heavily centralized around founder Amit Chowdry with a core board of directors but limited structured professional succession visibility.,78,B,Include,I was highly impressed by your incredible 46% revenue growth reaching ₹174 Cr and your recognition by MeitY for indigenous video conferencing solutions.,Amit Chowdry,174 Cr,https://www.peoplelinkvc.com/;https://tracxn.com/d/legal-entities/india/peoplelink-unified-communications-private-limited/__D11JURfUOwZxEcoXJe3eo1sfSXu5cnO-fpSTv_820ps,,,78,0.3548387096774194,6,174.0,55
"""Telluris Biotech India Pvt. Ltd."",""tellurisbiotech.com"",18,""Pioneered the world's first bio-nematocide referred by the USEPA Biochemical Classification Committee, backed by DSIR-recognized R&D at Genome Valley."",13,""Led by Founder and MD Venu Polineni, supported by a specialized board and scientific co-founders focused on innovative crop protection technologies.""",14,"""Operates in the critical sustainable agriculture sector"," developing eco-friendly integrated pest management strategies targeting massive global crop losses.""",12,"""Secured $3 million in funding with plans to raise $12 million and expand its workforce to 224"," despite currently modest early-stage commercial revenues.""",10,"""Maintains advanced biotechnology research facilities at Genome Valley and rigorous intellectual property frameworks"," though explicit evidence of traditional ERP implementations is limited.""",11,"""Features a structured board of directors including nominee directors from institutional investors", ensuring corporate governance," though multi-generational succession is not publicly detailed.""",78,"""B""","""Include""","""Congratulations on Telluris becoming the world's first bio-nematocide to receive a referral from the USEPA Biochemical Classification Committee.""","""Venu Polineni (Founder & Managing Director)""","""Rs 23.3 Lakhs""","""https://tellurisbiotech.com/news/telluris-bio-nematocide-referred-by-biochemical-classification-committee/; https://timesofindia.indiatimes.com/business/india-business/telluris-biotech-plans-to-raise-12-million-by-march-end/articleshow/97380495.cms; https://tracxn.com/d/legal-entities/india/telluris-biotech-india-private-limited/__Ssbqyq4sKgLFP3kAzFWSrm326zR2IikP-S9KEkXg8cs""",,,78,0.3548387096774194,6,23.3,56
"""Jisnu Communications Pvt. Ltd."",""jisnu.com"",16,""Specializes in strategic aerospace communications, securing MSQAA and CEMILAC airworthiness certifications for its proprietary miniaturized telemetry packages and antenna control systems."",10,""Led by MD Srinivas Raju Penmetsa since 2003", bringing over two decades of operational expertise in scaling defense electronics," despite limited public technical credentials.""",15,"""Perfectly positioned in the strategic defense and aerospace sector"," directly benefiting from Atmanirbhar Bharat and winning multiple iDEX challenges for defense indigenization.""",13,"""Achieved Rs 16.4 crore in FY25 revenue"," demonstrating rapid recent growth while successfully delivering critical communication systems to the Indian Navy and DRDO.""",12,"""Operates with ISO 9001 quality management and rigorous CEMILAC military certifications"," though public evidence of advanced SAP/ERP digital infrastructure is limited.""",12,"""Demonstrates clear multi-generational succession with Prithvi Raju and Prathap Varma Penmetsa serving as directors alongside the founder on the board.""",78,"""B""","""Include""","""Congratulations on winning the iDEX challenges and successfully demonstrating your Standalone Miniaturized Telemetry Package to the Indian Navy and DRDO.""","""Srinivas Raju Penmetsa (Managing Director)""","""Rs 16.4 Crore""","""https://jisnu.com/defexpo.html; https://tracxn.com/d/legal-entities/india/jisnu-communications-private-limited/__slO0zkIZi7enw_qWD8UGRMjZyQY7uyhgkEaGmlGkcxo; https://www.zaubacorp.com/JISNU-COMMUNICATIONS-PRIVATE-LIMITED-U64201TG2003PTC041270""",,,78,0.3548387096774194,6,16.4,57
AG Bio Systems Pvt. Ltd.,agbiosystems.com,17,Holds US and Australian patents with 24 global patents in process and owns proprietary microbial strains deposited under the Budapest Protocol Treaty.,14,MD Praharaju Laxminarayana brings 40 years of agro-biotech experience supported by R&D Director Dr. Ajay Kumar Singh who holds a PhD and 24 patents.,14,Operates in the high-growth sustainable agriculture sector supplying biological pest control solutions with strong export potential to European markets.,10,While FY25 revenue is relatively small at ₹2.76 Cr the company demonstrates strong R&D growth with recent global patent grants.,13,Operates a DSIR-recognized R&D facility and manages complex international intellectual property processes and microbial strain repositories.,10,Leadership is heavily centralized around founder Praharaju Laxminarayana and key R&D personnel with limited visibility into structured succession planning.,78,B,Include,I was highly impressed by AG Bio Systems' proprietary microbial strains deposited under the Budapest Protocol and your recent patent grants in the US and Australia.,Praharaju Laxminarayana,2.76 Cr,https://www.globallinker.com/article/praharaju-laxminarayana-managing-director-a-g-bio-systems-pvt-ltd;https://tracxn.com/d/legal-entities/india/a.g.bio-systems-private-limited/__Ndf_2Y5EMqu59mxgQHHi56q-5Vrf8xA4C3-zeJv6r18,,,78,0.3548387096774194,6,2.76,58
Smilax Laboratories Ltd.,smilaxlabs.com,16,Manufactures over 60 APIs with strict global regulatory approvals including WHO-GMP and EU Written Confirmations for European exports.,11,Operations are overseen by Managing Director S Krishna guiding the company to maintain a steady international order book and stable profitability.,14,Strongly positioned in the high-growth API export sector generating 65-70% of its revenue from international markets including Japan and the European Union.,13,Demonstrated steady financial growth with FY24 operating revenue reaching ₹273.09 Cr and maintaining a consistent ₹20-25 Cr monthly order book.,14,Maintains high operational maturity validated by regular WHO-GMP audits EU regulatory compliance and structured financial oversight reflected in its CARE credit ratings.,9,Operates as an unlisted public company with closely held governance and limited public visibility into structured professional succession planning.,77,B,Include,I was highly impressed by Smilax Laboratories' robust API export operations contributing up to 70% of your ₹273 Cr FY24 revenue.,S Krishna,273 Cr,https://www.careratings.com/upload/CompanyFiles/PR/202412141205_Smilax_Laboratories_Limited.pdf;https://www.pharmanow.live/pharma-companies/smilax-laboratories-ltd,,,77,0.3225806451612903,6,273.0,59
Aktinos Pharma Pvt. Ltd.,aktinospharma.com,14,Manufactures pharmaceutical APIs and bulk drugs with a DSIR-recognized R&D facility and operates multiple manufacturing plants across Telangana and Andhra Pradesh.,13,Led by Managing Director Murali Krishna Madala who brings over 19 years of leadership experience scaling multiple pharmaceutical manufacturing and chemical operations.,14,Operates in the high-growth API and pharmaceutical formulations sector benefiting directly from Make-in-India initiatives and supply chain indigenization tailwinds.,13,Generated a substantial revenue of ₹208 Cr in FY24 with an 18% CAGR and an impressive 1675% YoY EBITDA increase.,12,Operates multi-facility manufacturing with statutory compliance and DSIR-recognized R&D although advanced global digital infrastructure and ERP maturity remain unverified.,11,Governance is tightly controlled by the Madala family including Murali Krishna and Vineeth Madala with limited visibility into structured independent professional management.,77,B,Include,I was highly impressed by Aktinos Pharma's massive 1675% YoY EBITDA growth and your robust ₹208 Cr revenue in FY24.,Murali Krishna Madala,208 Cr,https://www.tofler.in/aktinos-pharma-private-limited/company/U24232TG2007PTC055510;https://www.zaubacorp.com/AKTINOS-PHARMA-PRIVATE-LIMITED-U24232TG2007PTC055510;https://tracxn.com/d/legal-entities/india/aktinos-pharma-private-limited/__mlzcbtzDNUFDaL2Bs1Mo0V3L7DPWqTfrt7k0ebkRA08,,,77,0.3225806451612903,6,208.0,60
Alphamed Formulations Pvt. Ltd.,alphamed.in,13,Manufactures specialized APIs and formulations like Timolol Maleate and Olopatadine with a DSIR-recognized R&D facility.,12,Led by Whole-time Director Ramesh Cheruvu alongside an international board of professional corporate directors.,12,Operates in the growing pharmaceutical sector manufacturing allopathic drugs and APIs with solid export potential.,14,Demonstrated robust financial growth with FY25 revenue reaching ₹197 Cr and a 22% YoY increase.,13,Maintains structured corporate governance and statutory compliance with regular AGMs and oversight by a professional board.,13,Fully professionalized leadership structure governed by corporate directors without reliance on a traditional founding family.,77,B,Include,I was impressed by Alphamed's solid 22% YoY revenue growth reaching ₹197 Cr in FY25 and your specialized formulations like Timolol Maleate.,Ramesh Cheruvu,197 Cr,https://tracxn.com/d/legal-entities/india/alphamed-formulations-private-limited/__6GzKkHSUdbh8qOVXJKSYX9fOxmvHeT5dlp2etirWqEk;https://www.zaubacorp.com/company/ALPHAMED-FORMULATIONS-PRIVATE-LIMITED/U24239TG2006PTC051732,,,77,0.3225806451612903,6,197.0,61
Fleming Laboratories Ltd.,fleminglabs.com,18,Holds a PCT patent for Risedronate Sodium and operates two API plants with approvals from EUGMP WHO-GMP and PMDA (Japan).,14,MD Jeyamuruga Prakash holds a master's in Chemistry & Chemical Engineering from BITS Pilani and an MBA with deep API industry experience.,13,Strong pharmaceutical export tailwinds with niche APIs supplied to over 70 countries across South America Europe and Asia.,8,Experienced a 24% revenue degrowth in FY24 to ₹118.48 Cr due to reduced client procurement though FY25 shows slight recovery to ~₹136 Cr.,14,Operates GMP manufacturing plants adhering to stringent international quality systems audited by regulatory agencies like EDQM and WHO GMP.,10,Operations are closely managed by majority stakeholder and MD Jeyamuruga Prakash alongside a team of professional directors on the board.,77,B,Include,I was impressed by Fleming's strong global regulatory approvals and your patented solvent-free manufacturing process for Risedronate Sodium.,Jeyamuruga Prakash Manoharan,136 Cr,https://www.careratings.com/upload/CompanyFiles/PR/202409120952_Fleming_Laboratories_Limited.pdf;https://tracxn.com/d/legal-entities/india/fleming-laboratories-limited/__Vqpog6BlCCYqHme69JDi4oR4D52a-7D9XoNvJfbTCkM,,,77,0.3225806451612903,6,136.0,62
Tergene Biotech Ltd.,tergene.com,16,Developed bio-conjugate platform technologies for novel vaccines including pneumococcal conjugate vaccines and a unique patented thrombolytic enzyme called Thrombinase.,14,Founded by Mosuvan Kuppusamy a scientist-entrepreneur with over 40 years of biopharma experience including pioneering roles at the Pasteur Institute and ICMR.,14,Operates in the critical vaccine and biologics manufacturing sector developing indigenous and affordable solutions to tackle bacterial pneumonia and typhoid.,8,Despite a massive strategic 80% acquisition by Aurobindo Pharma in early 2025 standalone operating revenue remains highly muted at ₹8.94 Lakhs.,12,Systems and digital maturity are evolving rapidly under the corporate umbrella of Aurobindo Pharma with a focus on advanced GMP facility operations.,13,Governance has transitioned from founding promoters to an institutional corporate structure following its recent majority acquisition and integration by Aurobindo Pharma.,77,B,Include,I was highly impressed by your pioneering bio-conjugate platforms for pneumococcal vaccines and your recent strategic acquisition by Aurobindo Pharma.,Mosuvan Kuppusamy,8.94L,http://www.tergene.com/about.html;https://tracxn.com/d/legal-entities/india/tergene-biotech-limited/__oNHUqm2RRogsUyLhCLP4SIr_Mg0P1hRgW-0IAF2PP8w;https://www.business-standard.com/markets/capital-market-news/aurobindo-pharma-acquires-80-stake-in-tergene-biotech-125022801117_1.html,,,77,0.3225806451612903,6,8.94,63
Innovare Labs Pvt. Ltd.,innovarelabs.com,16,Holds DSIR-recognized R&D with leadership holding over 90 patents and manufactures APIs and intermediates under rigorous cGMP guidelines.,14,CEO Dr. Sunil Kumar IV holds a PhD with 24 years of experience alongside MD Ravi T bringing Fortune 50 consulting expertise.,13,Well-positioned in the growing pharmaceutical CRAMS and API manufacturing sector capitalizing on global supply chain shifts.,8,FY24 revenue of ₹76.6 Cr showed an 8% YoY decline despite maintaining an active workforce of nearly 600 employees.,13,Manufactures multi-purpose pharmaceutical products strictly adhering to global ICH/USP standards and stringent cGMP regulatory compliance.,12,Led by a structured professional executive committee featuring distinct portfolios including a CEO MD CFO and VP of R&D.,76,B,Include,I was impressed by your executive team's deep scientific expertise holding over 90 patents and your focus on stringent cGMP-compliant API manufacturing.,Dr. Sunil Kumar IV (CEO) / Ravi T (MD),76.6 Cr,https://innovarelabs.com/team.html;https://tracxn.com/d/legal-entities/india/innovare-labs-private-limited/__rYKi1ZHtGRpGwrl2JnXfFDMjpTwCg-ybRkxRuC4wCNQ;https://www.tofler.in/innovare-labs-private-limited/company/U24233TG2012PTC082289,,,76,0.2903225806451613,6,76.6,64
"""Niruthi Climate & Ecosystem Pvt. Ltd."",""niruthi.com"",17,""Generates highly accurate weather and crop data at a 2x2 km grid using proprietary data-model assimilation based on NASA's Terrestrial Observation and Prediction System."",15,""Founded by Dr. Ramakrishna Nemani", a retired NASA scientist with 35 years of deep-tech experience," and successfully driven by Co-Founder & CEO Mallikarjun Kukunuri.""",14,"""Operates in the critical climate tech and agritech sectors"," providing essential risk mitigation and forecasting solutions aligned with sustainable agriculture initiatives.""",12,"""Achieved an estimated Rs 15.1 crore in revenue and successfully partners with major institutions like Future Generali and NCML for climate risk management.""",10,"""Utilizes advanced deep-tech algorithms and satellite data integration for product delivery"," though public evidence of traditional corporate SAP or ISO certifications is limited.""",8,"""Governed by a structured board featuring technical experts and founders"," but explicit public evidence of a formalized multi-generational succession plan is lacking.""",76,"""B""","""Include""","""I was highly impressed by Niruthi's state-of-the-art integration of NASA's TOPS technology and your comprehensive climate risk solutions serving major clients like Future Generali.""","""Mallikarjun Kukunuri (CEO)""","""Rs 15.1 Crore""","""https://niruthi.com/; https://tracxn.com/d/legal-entities/india/niruthi-climate-ecosystems-private-limited/__ZFEVLNneQiYnHBcUQzjPegbEu_T11yyyOXSnhMg4XTw""",,,76,0.2903225806451613,6,15.1,65
"""Kurnool Seeds (P) Ltd."",""kurnoolseeds.in"",16,""Operates DSIR-recognized R&D centers, specialized 10MT/hour imported processing facilities, and recently acquired Neoseeds to enhance vegetable and cotton germplasm technologies."",10,""Led by Founder and CMD Srinivasarao Patibandla, an experienced operator deeply rooted in the agricultural community since establishing the company in 1994.""",14,"""Operates in the critical agricultural seeds sector"," directly contributing to India's food security and successfully expanding into international seed export markets.""",15,"""Achieved a Rs 100 crore (One Billion) turnover milestone", launched sister brand CYNORA," and successfully acquired Neoseeds India in 2024.""",12,"""Maintains ISO 9001 certification for research alongside extensive physical infrastructure including 3000 MT cold storage"," though advanced ERP details are not publicized.""",8,"""While possessing a dedicated scientific team"," there is limited public evidence of formal second-generation leadership or distinct C-suite portfolios beyond the founder.""",75,"""B""","""Include""","""Congratulations on crossing the impressive One Billion turnover mark and your recent strategic acquisition of Neoseeds India to reinforce your agricultural excellence.""","""Srinivasarao Patibandla (Chairman & Managing Director)""","""Rs 100 Crore""","""https://agrisis.in/chairman-message/; https://agrisis.in/journey-milestones/""",,,75,0.25806451612903225,6,100.0,66
SRC Laboratories Pvt. Ltd.,srclabs.com,13,Manufactures APIs and specialty chemicals with a DSIR-recognized R&D facility and manufacturing operations based in Raichur.,14,Managing Director Dr. R.C. Reddy Yeluri holds a PhD and brings extensive R&D experience from Mylan and Dr. Reddy's Laboratories.,13,Operates in the API manufacturing sector directly aligning with Make-in-India initiatives and pharmaceutical supply chain indigenization.,14,Demonstrates strong commercial momentum with an FY25 revenue of ₹47.9 Cr and a reported 32% compound annual growth rate.,12,Maintains statutory compliance and external credit ratings (CRISIL) while operating from the Medical Devices Park though digital ERP maturity is unverified.,9,Governance is family-led under the Yeluri family lacking visible evidence of a structured transition to independent professional management.,75,B,Include,I was highly impressed by your impressive 32% CAGR reaching ₹47.9 Cr in FY25 and Dr. Yeluri's deep R&D background from Dr. Reddy's and Mylan.,Dr. R.C. Reddy Yeluri,47.9 Cr,https://tracxn.com/d/legal-entities/india/src-laboratories-private-limited/__jbqCuqhUkJ35hZ3nfcy8-q0TuNp-il_RTcrwpRTeMJA;https://www.crisil.com/mnt/winshare/Ratings/RatingList/RatingDocs/SRC_Laboratories_Private_Limited_May_31_2018_RR.html,,,75,0.25806451612903225,6,47.9,67
"""Varsha Bioscience and Technology India Pvt."",""varshabioscience.com"",14,""Develops proprietary eco-friendly bio-fertilizers and bio-pesticides backed by an R&D team collaborating with prominent institutions on DBT-funded projects."",14,""MD Dr. A. John Peter is a former ICRISAT and NARDI scientist with extensive experience managing international research projects and IFC audits."",13","""Strongly aligned with sustainable agriculture initiatives", addressing the surging global demand for chemical-free," eco-friendly biological crop inputs and organic farming solutions.""",13,"""Generated Rs 15.1 crore in FY25 revenue with an impressive 40% YoY growth"," actively expanding its eco-friendly agricultural product footprint globally.""",10,"""Maintains ISO-certified manufacturing facilities and regulatory-approved bio-product pipelines"," though public details on advanced digital ERP systems remain limited.""",8,"""Led by the founder alongside long-tenured directors like Dominic Arun Joseph", though explicit evidence of a fully structured," professionalized C-suite is limited.""",72,"""B""","""Include""","""I was highly impressed by Dr. John Peter's extensive scientific background at ICRISAT and your remarkable 40% revenue growth to Rs 15.1 crore in FY25.""","""Dr. A. John Peter (Managing Director)""","""Rs 15.1 Crore""","""https://www.varshabioscience.com/about-us/; https://tracxn.com/d/legal-entities/india/varsha-bioscience-and-technology-india-private-limited/__LQKe3qPFiUezju4082kYVku2MjYRNaHgXOKNrqby1gc""",,,72,0.16129032258064516,6,15.1,68
Bycus Therapeutics Pvt. Ltd.,bycustherapeutics.com,15,Recognized by National Biopharma Mission for developing complex biosimilars like Pegloticase and successfully transferred biotherapeutics technology to GeneSys Biologics for commercial scale-up.,14,Founded by University of Hyderabad doctoral scholars including CSO Dr. Nageswara Rao Pulipati bridging the critical gap between academic science and commercial biotech industry.,14,Strongly positioned in advanced biologics supporting India's strategic shift from small molecules to high-value indigenous bio-manufacturing and affordable biosimilars.,13,Demonstrates strong early-stage commercial traction with FY25 revenue reaching 3.98 Cr and expanding to a 44-employee team supported by BIRAC.,8,Leverages the state-of-the-art BioNEST incubation infrastructure for research though standalone corporate digital systems and independent commercial manufacturing maturity remain unverified.,8,Leadership is driven by the academic founding team; while highly qualified the company remains in an early startup phase without structured professional succession planning.,72,B,Include,I was highly impressed by your work developing complex biosimilars like Pegloticase and your successful biotherapeutics technology transfer to GeneSys Biologics.,Dr. Nageswara Rao Pulipati,3.98 Cr,https://tracxn.com/d/legal-entities/india/bycus-therapeutics-private-limited/__X47hPQqI08SgQV0quWyG7yM-LZ9sCUZjfI3O48o_mTw;https://aspire.uohyd.ac.in/about-us-2/;https://ikpknowledgepark.com/wp-content/uploads/2024/06/IKP_Insider_Mar-Apr-2024.pdf,,,72,0.16129032258064516,6,3.98,69
Ecoled ILLuminations Pvt. Ltd.,ecoled.in,13,DSIR-recognized R&D focusing on innovative LED driver designs like DALI and Tunable White with a 100K unit/month manufacturing capacity.,14,Leadership includes IIT Kharagpur alumni Director V. Srihari and MD Radhesyam Nandigam who brings 28 years of electronics design expertise.,13,Well-positioned in the growing LED electronics sector capitalizing on Make-in-India tailwinds for domestic lighting driver manufacturing.,8,Recorded an FY25 revenue of ₹25.3 Cr but experienced a 17% YoY revenue contraction indicating near-term growth challenges.,11,Operates a 27000 sqft manufacturing plant with defined quality policies and structured corporate governance but lacks deep digital infrastructure verification.,12,Managed by a structured board with distinct operational roles including a Corporate Strategy Specialist complementing the founding technical directors.,71,B,Include,I was impressed by Ecoled's DSIR-recognized R&D facility and your leadership's deep technical roots stemming from IIT Kharagpur.,Radhesyam Nandigam,25.3 Cr,http://www.ecoled.in/aboutus.html;http://www.ecoled.in/keymanagement.html;https://tracxn.com/d/legal-entities/india/ecoled-illuminations-private-limited/__HeBwhKvL2_ad2wurl4svDI0E__Af1dAPgCSo1zqIaIs,,,71,0.12903225806451613,6,25.3,70
KN Biosciences (India) Pvt.,knbiosciences.in,16,DSIR-recognized R&D lab with an extensive microbial culture collection developing proprietary strains and holding NPOP and ISO 9001:2015 certifications.,12,Founder and MD P. Sudha Reddy is a life sciences postgraduate and experienced scientist driving continuous agricultural innovation.,14,Benefiting from sustainable agriculture tailwinds and strong export demand supplying biotechnology and organic farming solutions across six continents.,12,Demonstrates solid growth through a massive 2000+ dealer network active e-commerce portal and continuous launch of new nano-fertilizers.,12,ISO 9001:2015 certified operations with a functional digital e-commerce infrastructure and established institutional collaborations like ICAR.,5,Company leadership is heavily centralized around founder P. Sudha Reddy with no visible evidence of next-generation succession or distinct professional portfolios.,71,B,Include,I was deeply impressed by KN Biosciences' impact on over 1 million acres globally and your DSIR-recognized lab's extensive microbial culture collections.,P. Sudha Reddy,unknown,https://www.knbiosciences.in/;https://www.knbiosciences.in/about-us,,,71,0.12903225806451613,6,0.0,71
Sarvotham Care Ltd,sarvothamcare.com,13,DSIR-recognized R&D facility with specialized capabilities in contract manufacturing and a strategic MoU with NDRI for commercializing indigenous probiotic strains.,12,Led by CEO Mohan Krishna Mulakala the founder of the diversified Sarvotham Group bringing decades of experience in pharmaceutical manufacturing.,13,Operates in the growing pharmaceutical CDMO and nutraceutical sector directly benefiting from supply chain indigenization and rising domestic healthcare demand.,12,Demonstrated steady financial growth with an FY25 operating revenue of ₹37.4 Cr reflecting a solid 19% compound annual growth rate.,10,Operates established contract manufacturing facilities for diverse dosage forms although visibility into advanced digital ERP systems and global regulatory certifications remains limited.,10,Governance is structured within the family-managed Sarvotham Group featuring next-generation leadership involvement but limited independent professional management visibility.,70,B,Include,I was highly impressed by your solid 19% CAGR reaching ₹37.4 Cr in FY25 and your strategic MoU with NDRI for probiotic commercialization.,Mohan Krishna Mulakala,37.4 Cr,https://tracxn.com/d/legal-entities/india/sarvotham-care-limited/__xBJXi7wf2tSLF8-R2GU5mqYPdAysPcYZpu0dAvwTwRc;https://icar.org.in/en/node/6904;https://www.vantabio.com/board-of-directors/,,,70,0.0967741935483871,6,37.4,72
"""Eesavyasa Technologies Pvt. Ltd."",""eesavyasa.com"",18,""Develops patented Nano EMRION nanotechnology for chemical-free water treatment and desalination, alongside specialized proprietary agricultural and aquaculture systems."",8,""Led by Managing Director Prem Chakravarthy Damuluri since 2005, though public evidence detailing advanced technical degrees or premium institutional background is limited."",13","""Operates in the high-demand environmental sector"," providing critical sustainable water treatment and zero-waste purification solutions aligned with national infrastructure goals.""",11,"""Reported FY25 revenues of Rs 15.4 crore with a solid 31% CAGR", indicating steady, albeit moderate," operational growth.""",11,"""Products feature advanced embedded software for remote IoT monitoring"," though evidence of broader corporate digital ERP or SAP infrastructure is not publicized.""",9,"""Maintains a stable"," long-tenured board of directors without distinct evidence of formalized C-suite leadership portfolios or clear multi-generational succession planning.""",70,"""B""","""Include""","""I was highly impressed by your patented Nano EMRION technology for chemical-free water treatment and your robust 31% revenue growth in FY25.""","""Prem Chakravarthy Damuluri (Managing Director)""","""Rs 15.4 Crore""","""https://tracxn.com/d/legal-entities/india/eesavyasa-technologies-private-limited/__ozLErsvuvqL1T-s8ITipHk16OTxqb7dnbg-5lHRIj2I; https://www.zaubacorp.com/company/EESAVYASA-TECHNOLOGIES-PRIVATE-LIMITED/U74200TG2005PTC045802""",,,70,0.0967741935483871,6,15.4,73
"""Ganga Kaveri Seeds Pvt. Ltd."",""gangakaveri.in"",17,""Utilizes marker-assisted backcross breeding and DNA profiling to develop proprietary disease-resistant hybrid seeds, supported by DSIR-recognized R&D facilities."",9,""Led by Promoter Vijender Reddy Muppidi with an experienced agricultural team"," though lacking explicit public evidence of advanced technical or premium institutional degrees.""",12,"""Operates in the essential agricultural sector"," directly supporting domestic food security and crop yield improvements through advanced hybrid seed varieties.""",8,"""Reported FY25 revenue of roughly Rs 140 crore"," reflecting moderate operational scale despite recent flat growth and stretched working capital cycles.""",10,"""Maintains CRISIL BBB-/Stable ratings and institutional banking relationships"," though explicit evidence of advanced ERP or digital manufacturing infrastructure remains limited.""",12,"""Demonstrates clear multi-generational family leadership and succession"," with founders operating alongside Varun Reddy and Ronith Reddy on the board of directors.""",68,"""B""","""Include""","""I was impressed by your team's published research on marker-assisted breeding for bacterial blight resistance in hybrid rice and your commitment to domestic food security.""","""Vijender Reddy Muppidi (Director)""","""Rs 140 Crore""","""https://www.crisilratings.com/mnt/winshare/Ratings/RatingList/RatingDocs/GangaKaveriSeedsPrivateLimited_June%2011_%202024_RR_337926.html; https://www.cabidigitallibrary.org/doi/abs/10.5555/20193250814""",,,68,0.03225806451612903,6,140.0,74
"""Biofac Inputs Pvt. Ltd."",""biofac.in"",16,""Partnered with ICAR-CIRCOT to commercialize innovative Nano-Zn suspension production technology and holds DSIR-recognized R&D with GMP-certified manufacturing facilities."",8,""Led by MD Narayana Reddy Kurry and experienced promoters"," though public details regarding advanced scientific or premium technical degrees are limited.""",14,"""Operates in the high-demand sustainable agriculture sector"," supplying essential bio-fertilizers and micronutrients aligned with national soil health improvement initiatives.""",12,"""Demonstrates strong financial momentum with a recent 75% YoY surge in EBITDA"," operating within an estimated Rs 25-100 crore revenue bracket.""",11,"""Maintains foundational corporate maturity with ISO 9001-9002 and GMP certifications"," though explicit evidence of advanced digital ERP infrastructure is not publicly available.""",7,"""Operates with a family-aligned promoter board"," lacking explicit public evidence of a highly professionalized C-suite or clearly formalized multi-generational succession planning.""",68,"""B""","""Include""","""Congratulations on your recent MoU with ICAR-CIRCOT to commercialize innovative Nano-Zn suspension technology and your commitment to sustainable agriculture.""","""Narayana Reddy Kurry (Managing Director)""","""Estimated Rs 25-100 Crore""","""https://icar.org.in/hi/node/16497; https://www.tofler.in/biofac-inputs-private-limited/company/U74900TG2014PTC095751""",,,68,0.03225806451612903,6,25.0,75
Crenza Pharmaceuticals Pvt. Ltd.,crenzapharma.com,14,Contract research organization specializing in complex injectables and ophthalmic drugs; registered with the US FDA for analysis and received its first ANDA approval.,12,Led by Whole-time Director Sandhya Pittala and industry professionals with a proven track record in parenteral and ophthalmic drug development.,13,Serving global pharmaceutical demand by developing formulations for highly regulated export markets including the USA EU Australia and Brazil.,8,Displays modest scale with an estimated FY25 revenue of ₹5.97 Cr and a small team indicating limited current growth magnitude.,12,Holds US FDA registration for analysis and adheres to international ICH guidelines for stability testing though broader corporate digital infrastructure is unverified.,8,Leadership is closely held by founders like Sandhya and Satyanarayana Pittala with limited evidence of a transition to external professional managers.,67,B,Include,I was impressed by Crenza's successful first ANDA approval and your specialized contract development focus on complex injectables and ophthalmic drugs.,Sandhya Pittala,5.97 Cr,https://www.crenzapharma.com/about.php;https://tracxn.com/d/legal-entities/india/crenza-pharmaceuticals-private-limited/__0oRGyJ3z6UadAd8ckYJSVRJ3ftU2COhGBw1peho0NH8,,,67,0.0,6,5.97,76
"""Avantari Technologies Pvt. Ltd."",""avantari.com"",17,""Developed the award-winning Dhyana wellness tracker and proprietary AI-driven embedded hardware, utilizing advanced bio-medical engineering and augmented reality."",10,""Led by Director Bhairav Shankar, driving bootstrapped operations in consumer IoT and AR, though public details on advanced technical degrees are limited."",14","""Operates in the high-growth consumer IoT", wearable wellness devices, and edge AI sectors," aligning perfectly with domestic technology and Make-in-India initiatives.""",11,"""Maintains a self-funded"," bootstrapped operational model while actively expanding its workforce with full-stack engineers to support new AI hardware projects.""",10,"""Utilizes proprietary AI tools for automated PCB layouts and edge AI integration"," though explicit evidence of traditional corporate ERP systems is limited.""",5,"""Operates as a privately held bootstrapped enterprise with directors Bhairav Shankar and Premdutta Shankar"," lacking public evidence of a highly formalized professional C-suite.""",67,"""B""","""Include""","""I was highly impressed by your award-winning Dhyana wellness tracker and Avantari's innovative integration of edge AI in embedded hardware design.""","""Bhairav Shankar (Director)""","""unknown""","""https://www.avantari.org/; https://ifdesign.com/en/brands-creatives/company/avantari-technologies/14553; https://www.zaubacorp.com/AVANTARI-TECHNOLOGIES-PRIVATE-LIMITED-U85100TG2014PTC092939""",,,67,0.0,6,0.0,77
